"","Group","Condition","RR.HR","TT.HR","DET.HR","L.HR","maxL.HR","RR.RE","TT.RE","DET.RE","L.RE","maxL.RE","baseline","Baseline"
"1",1,"Synchronous",6.00241870876171,15.9432033320712,98.6519771263619,14.1714462786636,202,6.37330421712198,4.64881922173249,91.4071289363367,4.3056352726324,52,"real","real"
"2",1,"TurnTaking",7.68235026795834,33.6967943009795,98.7065953528846,14.129977980497,211,4.38084924298263,3.301513671875,74.0560587689894,2.98159368269921,28,"real","real"
"3",1,"Conversation",2.48390486397648,23.0703965570243,97.4976585893495,9.83003058917409,109,5.19639672457103,4.31231151790911,89.4509320543752,3.6285930946231,33,"real","real"
"4",10,"Synchronous",8.24253673894115,18.014529095066,97.8728286467664,13.1623084835688,159,5.89740217599717,5.50089385813411,90.7443493846587,4.31681744949808,56,"real","real"
"5",10,"Conversation",4.4332444193948,14.3612750885478,97.5997181320375,11.1434797184043,147,4.20112417186639,4.83740323847276,86.4160044791869,3.34399044470987,29,"real","real"
"6",10,"TurnTaking",0.726752883779379,7.83701863354037,94.327056971605,6.95225345827755,88,3.73440082644628,5.1447828556057,86.5307477385267,3.21018062397373,33,"real","real"
"7",2,"TurnTaking",5.5680045504453,16.1312859884837,98.6777375011769,15.1234668109668,213,4.82556595253815,5.99153459605721,92.4002138835593,3.79643318686999,45,"real","real"
"8",2,"Synchronous",3.21042446993165,9.80085720259252,96.835711550998,9.16761363636364,132,4.8154167162697,5.43612870897312,83.1071930496998,3.41163821362075,30,"real","real"
"9",2,"Conversation",3.79826838472926,21.6315296760906,98.5967681064947,16.4522684986403,130,4.79688443424707,5.99484256243214,91.5747803539511,3.90386885597768,49,"real","real"
"10",4,"Synchronous",2.93232357516334,12.3195744680851,97.4665103627238,9.28616352201258,103,2.45012901676894,3.38525428829371,67.1975887812752,3.20935975426128,24,"real","real"
"11",4,"Conversation",5.79847292199605,20.4883774453395,98.3176545598944,13.1766734127876,211,5.43012633694983,3.8552057211851,84.5366131773119,3.42935734494993,29,"real","real"
"12",4,"TurnTaking",2.6163497890704,16.6675681298107,98.0363510301109,10.4337857425221,119,4.41781947832614,3.43798627002288,79.5359553081738,3.15589353612167,22,"real","real"
"13",5,"Conversation",9.70492238952238,22.8850339063239,99.0987197918806,18.5474405791531,243,4.38813846030327,3.71877508888634,80.9225376796355,3.08660659375919,28,"real","real"
"14",5,"TurnTaking",4.01736539007858,12.6583281217428,97.5440244949536,10.096587574411,193,4.25863250786103,3.33789093612276,77.9008341712813,3.00057278455118,25,"real","real"
"15",5,"Synchronous",1.25455510868016,9.23823823823824,96.887552871698,7.69186906019007,92,4.98445649967356,5.1129081168503,82.4345853195881,3.82492018293209,36,"real","real"
"16",6,"Conversation",1.08817337293797,7.59433962264151,96.3317338266751,6.53815970178536,96,4.7103190968656,6.10231556273559,90.5846268240543,4.00465689631557,41,"real","real"
"17",6,"Synchronous",1.43642423639439,9.12614727854856,96.3864205969469,8.0794499618029,119,2.33539608763997,3.86739643418983,70.2394245501052,3.71519813199643,31,"real","real"
"18",6,"TurnTaking",1.39207773760331,9.57110352673493,96.7417267688597,8.57648026315789,70,3.36352460390043,4.43848524878908,74.9579607633791,3.5868954359673,40,"real","real"
"19",7,"Conversation",5.40317322052311,19.4554710226001,98.7571132509704,13.0308959057259,145,5.12680229158553,4.66685950413223,88.4960759160397,3.54264122171641,31,"real","real"
"20",7,"TurnTaking",5.65711946970123,20.3162839248434,98.6744745562667,12.5466089466089,148,3.87777691465403,3.99244064071398,87.2107392028491,3.39475964267575,42,"real","real"
"21",7,"Synchronous",6.87947840851089,23.4808798646362,98.7311774634993,16.0986627274141,147,2.25445481608803,3.17698803659395,66.2613735930444,3.10387068257877,18,"real","real"
"22",8,"Synchronous",2.61995370395063,11.9797087980173,97.69702521821,10.7180346175321,162,1.17317901234568,3.00416119141481,46.0629817684354,2.53753623188406,11,"real","real"
"23",8,"TurnTaking",4.06974585253586,19.5979270558326,99.0593030809436,17.3630595393307,229,1.50510143971347,3.39524465885596,47.6623950508175,2.65030890199382,14,"real","real"
"24",8,"Conversation",3.13096884500082,16.5158719060271,98.5439058673018,13.338004101162,256,2.26560531620055,4.35185092920134,65.7764986967854,2.78712438451981,14,"real","real"
"25",9,"Conversation",11.0706663071419,30.077650869417,98.9532031869586,18.6029606833979,233,4.29187150513173,5.0199801263397,88.2015905083005,3.44399008020262,35,"real","real"
"26",9,"Synchronous",8.24757701406514,28.1279335167086,98.9954663373476,20.0960713384369,183,4.33782811755022,6.60058916146071,90.8841529321436,4.22753120665742,47,"real","real"
"27",9,"TurnTaking",0.939887689420115,7.21668007508715,94.2591155934833,6.93025667617319,107,6.65734609157388,6.84276588231517,96.067736908593,4.7907527475054,48,"real","real"
"28",1,"Synchronous",0.18026136839025,2.03225806451613,0.470158025336294,2,2,6.62821079366312,2.1429211469534,12.4590174847637,2.07247660705387,6,"shuffle","shuffle"
"29",1,"TurnTaking",0.217668672963876,2.27272727272727,0.310221808593144,2,2,4.60781229056144,2.03663821405121,8.88224364972809,2.04735854954673,4,"shuffle","shuffle"
"30",1,"Conversation",0.109141224681841,2.09142857142857,0.0600420294205944,2,2,5.27416919002193,2.09483634885139,9.52844143361171,2.06318544366899,6,"shuffle","shuffle"
"31",10,"Synchronous",0.143976034742721,0,NA,0,0,5.7759671781358,2.0801732654457,11.6404396352687,2.06463483676165,5,"shuffle","shuffle"
"32",10,"Conversation",0.117702226059214,2,0.0552944429084877,2,2,4.14271114259444,2.05734555128584,8.05465371904436,2.04302067946824,4,"shuffle","shuffle"
"33",10,"TurnTaking",0.0114840771729986,0,NA,0,0,3.64353305785124,2.08097928436912,7.36729289412352,2.03796078431373,4,"shuffle","shuffle"
"34",2,"TurnTaking",0.0212974470258771,0,NA,0,0,4.82416956947385,2.07736361871481,9.70871953636758,2.05391373801917,4,"shuffle","shuffle"
"35",2,"Synchronous",0.0202642659601857,0,NA,0,0,5.06676953336846,2.1414424822578,9.64780737169952,2.05815308897811,5,"shuffle","shuffle"
"36",2,"Conversation",0.0053103042055003,0,NA,0,0,4.66245018717546,2.09229620145113,8.95887696760533,2.0488671701466,4,"shuffle","shuffle"
"37",4,"Synchronous",0.0184557201218411,0,NA,0,0,2.63808471199953,2.03809208347135,4.92392742946158,2.02115384615385,4,"shuffle","shuffle"
"38",4,"Conversation",0.033176197715869,0,NA,0,0,5.37608326600492,2.05443312740023,10.931952745428,2.05691142436356,5,"shuffle","shuffle"
"39",4,"TurnTaking",0.0118883762454046,0,NA,0,0,4.04113342090448,2.0519801980198,7.98320888591701,2.037739427271,5,"shuffle","shuffle"
"40",5,"Conversation",0.0777018329194662,2,0.0855066267635742,2,2,4.4357881376605,2.07045167222158,9.0132386493665,2.04483952171177,4,"shuffle","shuffle"
"41",5,"TurnTaking",0.134363420347939,2,0.193751513683701,2,2,4.30929533139066,2.06899971663361,8.20935212529217,2.04301637060258,4,"shuffle","shuffle"
"42",5,"Synchronous",0.0111468544678028,0,NA,0,0,4.77150390201956,2.06249346849201,9.26533916140521,2.04897608477732,5,"shuffle","shuffle"
"43",6,"Conversation",0.0143122762527252,0,NA,0,0,4.0596567451822,2.06701667696109,8.11405400741955,2.04197575538267,4,"shuffle","shuffle"
"44",6,"Synchronous",0.025494975624316,NA,0.513478818998716,2,2,2.50823565370956,2.04677672955975,5.17057955946711,2.02317880794702,3,"shuffle","shuffle"
"45",6,"TurnTaking",0.0600142045454545,0,NA,0,0,3.20111659620108,2.04521090654859,6.30094981676763,2.03195658727766,4,"shuffle","shuffle"
"46",7,"Conversation",0.0312422281090966,0,NA,0,0,5.20153040417512,2.08444791564971,9.84181321259973,2.0552288712095,5,"shuffle","shuffle"
"47",7,"TurnTaking",0.0386488937396175,0,NA,0,0,3.68357407045292,2.04056437389771,7.09818687178824,2.04302325581395,4,"shuffle","shuffle"
"48",7,"Synchronous",0.102836921308597,2,0.127591706539075,2,2,2.35799229075827,2.02483527622909,4.61645530467058,2.01916572717024,4,"shuffle","shuffle"
"49",8,"Synchronous",0.0142008331155428,2,0.469483568075117,2,2,1.12771604938272,2.04857142857143,2.2360282445673,2.00737100737101,3,"shuffle","shuffle"
"50",8,"TurnTaking",0.00849633789673458,0,NA,0,0,1.47355711309363,2.01582278481013,2.88735572893159,2.01348920863309,3,"shuffle","shuffle"
"51",8,"Conversation",0.00866997794821414,0,NA,0,0,2.04994468852356,2.03568498769483,4.10850387085159,2.01590106007067,3,"shuffle","shuffle"
"52",9,"Conversation",0.406027643624272,2.13037447988904,1.09272797229704,2,2,4.18707076717678,2.08119312436805,8.5955301304116,2.05140495867769,5,"shuffle","shuffle"
"53",9,"Synchronous",0.295493800714032,2.01366742596811,0.867503325429414,2,2,4.17590853216784,2.07673314339981,7.57994014410326,2.0391625872305,4,"shuffle","shuffle"
"54",9,"TurnTaking",0.0616803367660214,0,NA,0,0,5.50830641262728,2.13512441194808,11.1193455996255,2.05615662029882,5,"shuffle","shuffle"
"55",1,"Synchronous",4.70237256756485,15.3309760863497,97.3241562949491,11.3451118963486,145,6.9971328262751,6.08918059248006,93.5848775768401,5.2723156261792,62,"surrogate","surrogate"
"56",1,"Synchronous",8.31586496644956,27.4023116042534,98.905331509446,16.9299275112185,168,6.20847779424462,6.13360399087194,89.5219123505976,4.26588729016787,49,"surrogate","surrogate"
"57",1,"Synchronous",5.51560684427553,9.80404330648058,96.5375274427189,9.06968989663221,154,9.96942364469009,5.95689257355632,96.2624612932307,5.23069277407812,55,"surrogate","surrogate"
"58",1,"Synchronous",4.84133076610078,17.5084298192159,98.7615383726707,13.4445230793426,156,4.82068010963409,3.77949383812843,81.1290165688531,3.60680393051918,35,"surrogate","surrogate"
"59",1,"Synchronous",7.15866813208128,19.1495736170855,98.9706020548803,16.1067354871599,193,2.48368763921087,3.41290973272819,68.2813501950025,3.18152429467085,23,"surrogate","surrogate"
"60",1,"Synchronous",2.12140349047859,10.1138553399376,97.3217235046179,8.80315525277877,149,5.91419845741763,8.43573117705393,91.1503721558552,4.39741869529103,47,"surrogate","surrogate"
"61",1,"Synchronous",3.59124686658308,10.9527661795407,97.7849064556162,10.0042322127286,146,6.33095313376697,4.99779779338898,91.2306169580996,4.49900345739272,46,"surrogate","surrogate"
"62",1,"Synchronous",2.27080402434023,9.85585807564371,97.8077592485157,8.97361268403171,147,5.10541449492712,4.35794332543444,83.1211868610675,3.7652836657632,33,"surrogate","surrogate"
"63",1,"Synchronous",2.066130613541,9.45200470158025,96.5607577080674,8.49887667021402,120,1.95131527490104,3.69269320162696,64.7919621436051,3.48328938929666,23,"surrogate","surrogate"
"64",1,"Synchronous",4.65679498410605,15.7238095238095,98.5146065674418,12.4896093100582,145,4.47623338706307,5.13742195629553,82.9726746907196,3.86423573735199,40,"surrogate","surrogate"
"65",1,"Synchronous",5.06387928768217,19.5383530432896,98.1111159891123,14.608759601242,157,2.55582202616982,3.13976598124408,71.1780438879096,3.08523625505006,13,"surrogate","surrogate"
"66",1,"Synchronous",5.03536745527172,18.1878842858583,98.5491009834546,12.880978143259,164,5.81485373145459,5.56590523430362,87.5878345282095,4.14603094304625,47,"surrogate","surrogate"
"67",1,"Synchronous",3.73736711589813,12.6664419187055,98.1553245234651,11.5802971347718,173,2.06956839413392,3.07960543854972,70.8662211574833,3.05423323551788,12,"surrogate","surrogate"
"68",1,"Synchronous",3.87589602571903,15.3232773015696,98.7568302061349,13.5524697480659,154,2.37174468973436,2.6581884246042,51.5964352514028,2.61506719455752,11,"surrogate","surrogate"
"69",1,"Synchronous",9.06486113192121,16.8930751262151,98.7898675470312,14.373812819935,229,7.71972925251703,6.24805485542527,95.6439940696667,5.16114169538067,47,"surrogate","surrogate"
"70",1,"Synchronous",3.36720516194874,26.0156519017061,98.1438459797229,13.1933055733504,154,3.22392268825606,5.52368121048813,77.4646897206226,3.15463892931269,22,"surrogate","surrogate"
"71",4,"Synchronous",6.63614390629358,10.0728165374677,97.1457589129369,9.3762615288039,157,8.0292392698545,5.73334083492742,94.0833205697657,4.49825165223441,72,"surrogate","surrogate"
"72",4,"Synchronous",2.6300150068394,17.1626742160279,97.1899261503503,11.2425525700935,109,4.61087888749104,3.72704874429543,80.5826343232827,3.36534766506084,28,"surrogate","surrogate"
"73",4,"Synchronous",6.78176089578225,22.0217414936406,99.1246019245018,17.8107035796156,170,2.60729353212982,3.46705954300328,68.8845031140315,3.23355153666926,14,"surrogate","surrogate"
"74",4,"Synchronous",1.76681255607291,8.83599863899286,95.1010491025182,6.87246495168096,81,6.5734659191051,9.26120131310443,93.1881782173577,5.19393353537465,65,"surrogate","surrogate"
"75",4,"Synchronous",2.95146515026875,9.81760793597114,97.7348577098273,9.10248871154048,138,6.35321544735989,5.21695371367061,89.9780296526939,4.48448150833938,89,"surrogate","surrogate"
"76",4,"Synchronous",1.28009301780756,8.378,94.8969246367016,6.67227197952842,120,4.8978922757038,4.37184611160265,83.9244822466595,3.72884056350626,27,"surrogate","surrogate"
"77",4,"Synchronous",2.95673659956342,14.8981278461798,98.0896760028086,13.3125094539404,112,2.49082435507975,3.83782603269687,71.9145598705898,3.70122989593188,23,"surrogate","surrogate"
"78",4,"Synchronous",3.4519042170644,14.4096335369239,97.0796857249234,10.0434567901235,191,4.40931556892661,5.19690676792848,84.4979647218453,4.00298438934803,42,"surrogate","surrogate"
"79",4,"Synchronous",4.41489698639682,18.5571830985915,97.8814509258844,14.7586478873239,113,2.27886944851207,3.1923801672359,67.6419711699631,3.09681380072442,14,"surrogate","surrogate"
"80",4,"Synchronous",5.80038771965942,18.2890910992574,97.7265617445809,11.4980927524593,170,5.7959526422968,5.74418901660281,88.9054673907313,4.29382257078835,49,"surrogate","surrogate"
"81",4,"Synchronous",4.87625850086738,12.7929843210205,98.097082875792,11.4112186607426,184,1.89929785661493,3.16754738251251,68.9155884165126,3.17257594983952,14,"surrogate","surrogate"
"82",4,"Synchronous",1.56391348538223,11.9747812660834,96.19973204602,8.55608095328163,95,2.35756959842326,2.59523952635692,51.5263536019855,2.55843818912959,12,"surrogate","surrogate"
"83",4,"Synchronous",12.468042932011,19.4001491146319,99.0563064740699,16.7087628865979,291,7.67418514189528,6.66435308773803,94.1308022514856,4.78084111460223,69,"surrogate","surrogate"
"84",4,"Synchronous",5.41172229069787,27.8976261127596,98.1070056631421,16.0469987044768,163,3.82614874509311,6.10069692974195,84.3384091994734,3.77810542797495,34,"surrogate","surrogate"
"85",8,"Synchronous",4.32359899243662,17.1935699039488,98.9387755102041,14.9056735120084,181,2.69605009500255,3.32224921550764,65.9458655902297,3.13708317467225,17,"surrogate","surrogate"
"86",8,"Synchronous",2.09756982770533,9.88205210164616,93.8615150168265,6.4742143873864,97,8.75210453086496,9.5323004470532,95.7524754916638,5.10584544873962,59,"surrogate","surrogate"
"87",8,"Synchronous",2.7575804494079,11.9731710892831,98.2310608804849,10.9802942367391,142,4.56104750374353,4.95629773742614,79.4061186140515,3.53542193330926,36,"surrogate","surrogate"
"88",8,"Synchronous",1.52819329500863,9.85456128891792,95.648858288304,6.43303048065651,94,5.69546710025937,4.28032812338267,85.6743063148892,3.71759759477615,40,"surrogate","surrogate"
"89",8,"Synchronous",1.18993135011442,7.49333046471601,95.6218133451563,6.63232750336344,72,2.61834167723398,3.91690709751875,70.7597018581377,3.49884646441343,39,"surrogate","surrogate"
"90",8,"Synchronous",3.10724813537415,13.6127386678327,96.1914767180271,7.43008196721311,152,5.57932691720358,5.50926685255043,88.3507316031771,4.29027113237639,49,"surrogate","surrogate"
"91",8,"Synchronous",3.61177958016842,17.2690403959764,98.342960552773,13.6063480020233,138,2.45184278805201,3.18078310149408,67.3978376625806,3.16175266175266,18,"surrogate","surrogate"
"92",8,"Synchronous",7.56555123113844,19.5862957238537,96.4548135995532,7.59105113148587,170,7.0748800999926,5.49251426151508,91.7491378341703,4.22415885712012,43,"surrogate","surrogate"
"93",8,"Synchronous",3.47884539869951,12.5372716199756,98.023722976851,11.7596970392472,165,1.72410180563259,3.1000377786173,63.6040318833327,3.06352758887837,18,"surrogate","surrogate"
"94",8,"Synchronous",2.1833132558186,13.8658432708688,96.7611150909174,9.30441154917192,130,2.27907191717508,2.59711955136375,52.2895964307443,2.54916952280517,11,"surrogate","surrogate"
"95",8,"Synchronous",4.88574481798157,15.639399769142,98.8095760608233,13.8103742076205,200,4.95129303548725,6.42446492271106,82.8163355388503,3.46554583835947,30,"surrogate","surrogate"
"96",8,"Synchronous",3.90718054594213,22.2026251025431,95.4611148716635,6.45658898742009,130,3.22466621216794,5.63678458201235,87.7202688871061,3.41362327421482,30,"surrogate","surrogate"
"97",10,"Synchronous",1.71818415738291,9.13656946205398,96.5736262455568,7.56297535746882,106,5.79881788443397,4.98239267444818,91.0695731405157,4.46504519567375,43,"surrogate","surrogate"
"98",10,"Synchronous",2.16305712162186,10.4527071102414,98.1886349960656,9.45461298469767,133,2.46316819207509,4.2515655105973,64.240196693344,3.07130862420535,16,"surrogate","surrogate"
"99",10,"Synchronous",0.897848758736567,7.46859903381643,94.3792100710421,6.47638292498106,82,1.9368934772867,3.76014728549409,66.3548152596479,3.57892942379816,18,"surrogate","surrogate"
"100",10,"Synchronous",4.35506387096518,18.8223372143165,98.814646177196,15.2527820077311,167,2.44249742269935,4.96783705938829,65.9306230888766,3.15011077181007,19,"surrogate","surrogate"
"101",10,"Synchronous",2.40066756531228,13.3896152409414,96.8961905286951,8.36454491374182,169,2.52437192535606,3.20177698333421,70.4770575382374,3.11927147692473,15,"surrogate","surrogate"
"102",10,"Synchronous",8.44290126214048,26.1882401400474,99.1468499678648,17.3999312242091,236,2.58458545817136,5.31851951911387,67.4491671112692,3.20200371475207,23,"surrogate","surrogate"
"103",10,"Synchronous",1.79324050095861,10.5986394557823,97.0927961609285,8.56158766606528,155,2.02661972700883,3.0845931167578,70.4674976381312,3.0887656959658,13,"surrogate","surrogate"
"104",10,"Synchronous",2.87562889998039,14.119024068579,98.583756698448,11.8160711803142,175,1.75804459267494,2.68681572860447,46.5702893077342,2.53339703774486,11,"surrogate","surrogate"
"105",10,"Synchronous",3.97409875458799,12.5651011836579,97.3979459998678,9.42089049058358,191,6.94273926474365,6.38985440161589,95.2576410216788,5.13136445615982,54,"surrogate","surrogate"
"106",10,"Synchronous",3.40700152294241,35.2507462686567,98.9836044889634,23.2025961222478,162,2.32251621718093,5.62702297989979,66.8941027022865,3.0747556066705,37,"surrogate","surrogate"
"107",15,"Synchronous",0.725331715242443,6.89473684210526,93.9399462341095,5.98461538461538,73,2.51326605823598,3.91097583026942,71.030837433624,3.5129502469582,39,"surrogate","surrogate"
"108",15,"Synchronous",2.31090215177005,11.612032847327,97.6130886832659,8.42018258080434,115,4.96684403719149,5.31716457864868,84.8877768602172,4.18891220387434,44,"surrogate","surrogate"
"109",15,"Synchronous",1.5581707598717,13.5739333722969,97.3074554604718,9.34822521419829,83,2.18622620799378,3.17681281113177,63.9217884925363,3.03709376664891,15,"surrogate","surrogate"
"110",15,"Synchronous",4.27349663801986,17.21361565264,97.8569050550097,10.5563350872797,187,5.82021250320986,5.4885724761672,87.6321497767669,4.29446823881521,52,"surrogate","surrogate"
"111",15,"Synchronous",1.77262739102069,9.74291573452647,97.043936400414,8.0672610667918,89,1.68433080106232,3.17159191561317,63.5235231564666,3.13207376604592,17,"surrogate","surrogate"
"112",15,"Synchronous",2.00060571857034,12.9245488149598,97.8726242080694,9.96164941455965,163,2.41859675128158,2.64593840859194,52.0141983426755,2.6150340223392,13,"surrogate","surrogate"
"113",15,"Synchronous",2.73081222719521,12.206434895271,97.8364102250168,9.37902414486921,165,5.71319946545829,6.60107155110982,86.1526123271326,3.93276305450389,46,"surrogate","surrogate"
"114",15,"Synchronous",1.75734228041102,20.6009057458251,96.4326968811578,8.64627756792982,81,3.42427649905132,5.66761084228333,81.837525945459,3.51430893853183,21,"surrogate","surrogate"
"115",17,"Synchronous",2.80726656024493,13.7485332464146,97.5641354840216,10.165511370546,130,2.05423189194177,3.19923570179416,63.6461704422869,3.10952277813876,17,"surrogate","surrogate"
"116",17,"Synchronous",1.98125299802622,12.8153451592221,96.0144208506979,7.84567567567568,116,2.47955208874685,5.38955035719288,71.5739085722681,3.73517761308459,24,"surrogate","surrogate"
"117",17,"Synchronous",3.06047558146295,12.2222370885737,97.9224451471556,10.6231120477696,156,1.55020190895742,3.08227901842575,63.8860931857202,3.10830532885262,15,"surrogate","surrogate"
"118",17,"Synchronous",0.943902896612955,9.1609756097561,94.6985337859117,5.82479552303056,73,1.70766030347528,2.69029555871661,50.1666069509137,2.62889598197522,11,"surrogate","surrogate"
"119",17,"Synchronous",6.07438442611552,16.1387305207146,98.6801635195639,13.5583609714347,264,5.75153795330432,6.82406761470352,89.3521762228501,4.60823555105525,51,"surrogate","surrogate"
"120",17,"Synchronous",1.15603682895612,20.7547250859107,96.7615891330142,10.8658396508155,92,2.10763370407175,5.60118195956454,68.6161216106903,3.4578326009847,23,"surrogate","surrogate"
"121",21,"Synchronous",4.21352401662394,13.6883498313935,98.4201852142521,12.5231675654084,172,1.81351831434522,3.15749358739465,67.2346533817445,3.19500842629003,19,"surrogate","surrogate"
"122",21,"Synchronous",2.18784473385554,14.8355916892502,97.9943169795351,11.2952961672474,130,1.71168687982359,2.68828435575649,48.6187153336912,2.57368819852245,16,"surrogate","surrogate"
"123",21,"Synchronous",12.6475113257161,18.7193211488251,98.9980849044418,16.1744915124637,345,6.94604224215092,6.72135062886191,91.6822236050612,4.58916363171682,60,"surrogate","surrogate"
"124",21,"Synchronous",3.17290522197551,25.5570714834742,97.9001567047235,13.9599914875505,104,2.32139872652013,6.08923739237392,71.5959437781682,3.09838842975207,18,"surrogate","surrogate"
"125",22,"Synchronous",3.00894477610373,13.2011232383173,98.132724128631,10.9006960965724,131,2.32144931421168,6.35828708375378,51.8937279882989,2.56976079290956,12,"surrogate","surrogate"
"126",22,"Synchronous",2.50217914947772,22.6181342632956,98.2486597859473,10.6117865237997,130,1.400951615065,5.62026641294006,67.2662042573547,2.93060090309135,19,"surrogate","surrogate"
"127",2,"TurnTaking",0.679335828355825,6.54732510288066,93.2199309957474,5.52711703139867,84,3.75786371258702,5.28478855302094,84.0948736325405,3.37745071416934,29,"surrogate","surrogate"
"128",2,"TurnTaking",11.9925149325243,22.5385803263499,99.3502656661197,21.3533434279295,220,4.68158951166218,3.87461221975314,79.8158017562331,3.04461328254389,33,"surrogate","surrogate"
"129",2,"TurnTaking",2.21889471350738,11.2601235415237,97.1354908338705,9.2932740570773,182,4.92184408237053,5.79529752618676,87.3359029872227,3.54557232129249,39,"surrogate","surrogate"
"130",2,"TurnTaking",13.4803017507892,36.4486983154671,99.6659240014113,32.7875811688312,419,4.25123227806291,4.53980318968442,81.3364339063598,3.10206111510195,31,"surrogate","surrogate"
"131",2,"TurnTaking",3.86742231704046,19.579558848291,98.3376516764578,13.3116101400625,202,4.30601009211544,3.45488369450993,75.8101687199476,3.13599717530748,26,"surrogate","surrogate"
"132",2,"TurnTaking",5.89229369564161,11.0427532597793,98.6417542697745,11.1815116427026,129,4.50604531497661,4.05580409016965,78.6077936908217,2.988449015453,29,"surrogate","surrogate"
"133",2,"TurnTaking",3.73786052166569,13.0416862376703,97.1330519296254,9.4426724137931,142,4.67952147620043,3.42399031916503,77.0256087321578,3.10752375155477,38,"surrogate","surrogate"
"134",2,"TurnTaking",12.1077405944421,17.0200872952551,99.0755037231713,16.8719347319347,319,4.33760036393004,3.67993558594191,76.8988528685363,3.05110206373719,24,"surrogate","surrogate"
"135",2,"TurnTaking",0.853593312556125,7.57518910741301,94.9410172113711,6.54761269671913,126,3.33976293248432,4.39430373959952,78.0763596410914,3.45943204868154,30,"surrogate","surrogate"
"136",2,"TurnTaking",29.5311261951297,35.508775420862,99.6298432842996,33.0444213726872,352,3.81803826691928,3.89605708400765,71.7581951129656,3.06506568144499,25,"surrogate","surrogate"
"137",2,"TurnTaking",4.7318822807084,21.4336283185841,97.9413360791462,11.6719177514302,138,4.58884185559019,4.39446615601063,84.0296652689079,3.39436808761946,34,"surrogate","surrogate"
"138",2,"TurnTaking",11.2938488559093,18.5903863970789,99.2485235732733,18.5254910495674,381,4.54883254854712,5.15848437277009,81.9852916529795,3.11794100400275,32,"surrogate","surrogate"
"139",2,"TurnTaking",3.14407981736104,17.5385066744902,98.1676740170032,11.709348385819,135,2.04143991446323,3.36500079833945,67.1138696586297,3.05819645382356,24,"surrogate","surrogate"
"140",2,"TurnTaking",7.90984785481184,29.532975085491,99.5970589594155,27.6907055693183,193,2.79729412962973,2.88665462572747,53.1393728222996,2.7340115627661,28,"surrogate","surrogate"
"141",2,"TurnTaking",1.36399657855132,8.25552313463943,95.4702636419375,6.98761443187938,108,6.73298969231794,6.99807057130711,89.5151275423378,3.7018678434207,42,"surrogate","surrogate"
"142",2,"TurnTaking",40.3003033742482,80.2127716304493,99.7845156749075,63.9397904366789,648,4.21569796339279,5.98396802586671,82.2935260888409,3.15089722675367,21,"surrogate","surrogate"
"143",6,"TurnTaking",3.1945677983485,12.8070500927644,97.9736941631298,10.9294955934746,159,4.6969196093163,5.6450486636799,89.8356687354704,3.28405192577577,34,"surrogate","surrogate"
"144",6,"TurnTaking",0.641410469408291,11.7241208519069,94.4035161155295,6.73022978215458,56,3.73105434510393,4.31888731502969,88.6938602909096,3.38483016547979,29,"surrogate","surrogate"
"145",6,"TurnTaking",5.10851261264243,20.2982175258832,98.7562774023965,14.6644680685963,223,4.49402241594022,3.45583412207524,79.9639759470169,3.13924849328779,37,"surrogate","surrogate"
"146",6,"TurnTaking",0.473901766293176,6.69996113486203,92.192429022082,5.03724222837796,53,3.76017434620174,3.88122292160549,87.1458756979817,3.35351243882545,33,"surrogate","surrogate"
"147",6,"TurnTaking",4.13622211828771,13.5974269632806,97.8484607373194,11.0312864644107,172,4.92042334381708,3.41583831637804,81.7163989813415,3.12851538222498,43,"surrogate","surrogate"
"148",6,"TurnTaking",0.864318364979253,8.66311184030626,93.7869547720026,6.40642842038486,153,3.51070840197694,3.55136803704223,82.2959771340813,3.10236136052963,30,"surrogate","surrogate"
"149",6,"TurnTaking",0.918498422309398,7.72581767571329,95.4185405483824,6.53018268467037,96,3.43390690272528,4.27655515913667,80.2227403727788,3.15225494380424,32,"surrogate","surrogate"
"150",6,"TurnTaking",1.58880372676104,12.5209173922276,96.1873291175336,8.30110017371164,131,3.16354187388104,3.94337759245035,78.0970721163293,3.30788693944136,23,"surrogate","surrogate"
"151",6,"TurnTaking",6.22828184045623,26.069887062507,98.9798138832354,16.5285358033488,202,4.68891038039974,4.45032478976786,86.013168680752,3.3460478130272,35,"surrogate","surrogate"
"152",6,"TurnTaking",0.890809943183328,9.22902684563758,94.8330897049611,6.56661846725883,109,3.42476318008233,5.30838812512453,89.6963948243029,3.63233051841426,70,"surrogate","surrogate"
"153",6,"TurnTaking",4.51124270728504,18.0390227349847,98.7337456094462,13.4622977964591,138,2.10767218831735,3.35066241824585,68.7017016075961,2.95026241421074,25,"surrogate","surrogate"
"154",6,"TurnTaking",0.976878237577731,13.7528392109982,95.9081987014948,8.02020202020202,78,2.31227708647064,2.8617102462144,56.3669705902516,2.72496789427897,23,"surrogate","surrogate"
"155",6,"TurnTaking",1.2137065372248,7.75575379125781,95.7572251763188,6.81012658227848,80,6.97592545958197,7.01066700938183,93.5588093020569,3.68784950979695,45,"surrogate","surrogate"
"156",6,"TurnTaking",2.21065951193589,26.5454249430153,97.269962255854,11.7711751662971,120,4.17124150088139,6.0516958628401,91.7918377203574,3.88551276481562,54,"surrogate","surrogate"
"157",7,"TurnTaking",7.29084642703208,20.3946717934633,99.3292849131556,19.5988361840945,233,3.5294614891128,3.26759290257784,77.5303868821049,3.07358426585283,24,"surrogate","surrogate"
"158",7,"TurnTaking",1.54511563688821,9.39572408229125,96.5062095430873,7.599203054956,110,4.74925091512887,3.93608018406368,90.141946310858,3.38695423712621,31,"surrogate","surrogate"
"159",7,"TurnTaking",4.27488603231814,14.8773769736084,98.3692082066637,12.7092667521958,167,3.90621808923441,3.22864548118098,81.7234034313156,3.05053921993813,24,"surrogate","surrogate"
"160",7,"TurnTaking",4.07155482252846,15.5962192816635,98.0728360507174,11.4641417455705,169,4.64477030300005,3.64454988659176,86.3733185682181,3.31639237656946,39,"surrogate","surrogate"
"161",7,"TurnTaking",1.22703855960868,10.2486111111111,97.1718617472434,9.16066966516742,68,3.54591267760156,4.38312264828986,83.6162418081209,3.56614101866957,29,"surrogate","surrogate"
"162",7,"TurnTaking",4.21791252536816,19.3341829085457,98.2288397628172,12.1452950710268,229,4.19157760216045,4.10830287566375,81.8169397924771,3.63520766773163,37,"surrogate","surrogate"
"163",7,"TurnTaking",5.1122523273406,21.9319137013169,98.972302929571,16.2921888053467,212,3.48928956279053,3.79051155412956,84.9756643838567,3.27144894372036,22,"surrogate","surrogate"
"164",7,"TurnTaking",2.65221966916981,11.7586357039187,97.4480313034972,8.92818731794757,130,4.83880615408662,5.44354810546534,93.492440148588,4.21620864498417,49,"surrogate","surrogate"
"165",7,"TurnTaking",6.67263762651003,22.6895218002813,99.248517266761,21.2858087445243,231,1.90815182017528,3.23317214162637,68.8853086295439,3.00852069704799,22,"surrogate","surrogate"
"166",7,"TurnTaking",3.32879725531279,18.210035335689,98.0502274992082,11.8979190101237,159,2.94578502789646,2.91627178232956,59.3456229464089,2.80158577421962,21,"surrogate","surrogate"
"167",7,"TurnTaking",1.60986561714975,7.59816985069835,96.2191926635552,7.0451139088729,117,4.41595506818373,6.26940639269406,92.9086887398908,3.7310478834143,43,"surrogate","surrogate"
"168",7,"TurnTaking",3.55882722219092,32.3870481927711,98.2036039039206,12.0859259259259,93,5.41391756904222,6.22641104513914,94.8467558241808,4.35013317473042,46,"surrogate","surrogate"
"169",12,"TurnTaking",2.19738761521431,10.5148154016796,96.3209219858156,7.82311292451698,104,4.78785553624758,3.41511879049676,81.2551848965535,3.13940218051138,36,"surrogate","surrogate"
"170",12,"TurnTaking",5.51996236389297,16.2114164904863,98.6983578016187,13.6747616331187,296,3.9624472478617,3.64747207877987,75.4892356760451,3.02271414236628,34,"surrogate","surrogate"
"171",12,"TurnTaking",0.831834997671651,7.64952555861647,95.618706993741,6.40520833333333,72,3.30466712628518,4.28703539036102,80.1890300869865,3.30526788050996,30,"surrogate","surrogate"
"172",12,"TurnTaking",8.20099472240907,22.9267362687245,99.1257920907252,18.3051044928275,406,3.49027307334912,4.04240615032306,70.8224907462276,3.1161200120919,22,"surrogate","surrogate"
"173",12,"TurnTaking",2.69616797883335,15.3938775510204,97.3388668955042,8.97309812568909,101,4.95772332204859,4.49050450242438,87.4305836101949,3.58150965765944,31,"surrogate","surrogate"
"174",12,"TurnTaking",4.91321641801874,15.4534598897734,98.75823685385,13.970104911336,295,3.94236561068389,5.20359110385636,79.5391299732334,3.19496223196881,25,"surrogate","surrogate"
"175",12,"TurnTaking",2.45520293361274,14.0951111111111,97.7964071856287,9.59625996321275,133,2.14417599216539,3.4091572327044,69.5689952878006,3.08395061728395,41,"surrogate","surrogate"
"176",12,"TurnTaking",4.87044250158907,22.5899357601713,98.9458598224551,17.6016996638028,164,2.71963788799847,2.9235054900366,54.145917318789,2.73234942161947,17,"surrogate","surrogate"
"177",12,"TurnTaking",1.07886571978391,6.88520684427117,94.7761647330377,6.1404958677686,88,6.80238303039502,7.31470130214373,92.7833487296891,3.95405184382191,61,"surrogate","surrogate"
"178",12,"TurnTaking",10.1988624169331,48.3307919713708,99.413994731093,32.8035619633203,348,4.15928357302774,6.1528776154938,81.2388695880653,3.20704756965454,20,"surrogate","surrogate"
"179",14,"TurnTaking",1.2427397189234,7.94951871657754,95.5218820092849,6.73377459091745,112,3.43518421719857,4.39709590470394,78.166156536948,3.28493201029033,35,"surrogate","surrogate"
"180",14,"TurnTaking",7.58242363740082,17.375747160789,98.1931187189823,11.4501046755059,244,3.90358292567745,3.98407666258376,73.8252451093565,3.10182041581789,29,"surrogate","surrogate"
"181",14,"TurnTaking",5.55353913727822,19.9476635514019,98.3821124490045,12.1017252487651,217,3.95339215487135,4.11824758298966,80.9055774477114,3.02710595707278,20,"surrogate","surrogate"
"182",14,"TurnTaking",4.33516642453487,14.0040008422826,97.7387946202249,10.2984289080911,161,4.31191173593641,5.09107861060329,82.9892931833499,3.14020558929463,33,"surrogate","surrogate"
"183",14,"TurnTaking",5.12085814639927,18.2330453960669,98.6022769923683,13.803558918313,218,1.96506226160262,3.34873835086381,65.6210408342267,2.9012225992352,32,"surrogate","surrogate"
"184",14,"TurnTaking",4.88391354776743,21.8990656361749,98.3266781754548,13.6850945738699,168,2.9077358168074,2.91761820829182,54.6156569273959,2.73838025262115,17,"surrogate","surrogate"
"185",14,"TurnTaking",1.67805104892969,7.97992290395117,96.2756380147174,7.27061779485664,116,5.27554036395941,6.60601357904947,88.9805192558333,3.27553338286806,42,"surrogate","surrogate"
"186",14,"TurnTaking",10.8685792691598,38.4387743213329,98.5184804679946,16.5671239837398,265,4.05156218387815,5.91711302768951,82.9452358246165,3.0830356146031,30,"surrogate","surrogate"
"187",18,"TurnTaking",10.1377478753541,25.2222848855946,98.9683061358635,16.2836990595611,318,3.84484069711501,4.10535506402794,76.981293177055,3.24642377819241,22,"surrogate","surrogate"
"188",18,"TurnTaking",1.12081509142416,10.2555920071578,96.2116207599736,7.19613319011815,81,3.48342626847213,5.377284843869,85.0197052775874,3.81775862732274,34,"surrogate","surrogate"
"189",18,"TurnTaking",8.18260945029813,23.9409865605526,99.105669500117,17.9151911582271,227,1.94480320653822,3.39222769567597,64.0336464183241,3.10162142899566,22,"surrogate","surrogate"
"190",18,"TurnTaking",0.6215286286041,13.0703463203463,96.4928131416838,7.50431172149473,48,2.40950610383094,2.88725006724648,56.1544323591413,2.76708119970739,17,"surrogate","surrogate"
"191",18,"TurnTaking",1.4642539383472,7.50147492625369,95.6974354391922,6.8749799390146,104,4.45874273383563,6.60015542146645,80.9683383406517,3.65765959406761,38,"surrogate","surrogate"
"192",18,"TurnTaking",1.33282304914429,26.6717105263158,96.9346684337113,9.79102627664849,53,3.3641659140365,6.04026175687666,84.1038900199996,3.7440144375376,41,"surrogate","surrogate"
"193",20,"TurnTaking",4.31096314735205,17.5195373554236,98.6255188253145,12.870406040527,179,1.99973744929133,3.36090705844778,71.0609249943511,3.15369187734206,38,"surrogate","surrogate"
"194",20,"TurnTaking",8.10837157568677,29.0020994979461,99.4443903832451,23.195123737004,207,2.99985588249144,2.9203611274222,58.1801317573192,2.76116482937658,15,"surrogate","surrogate"
"195",20,"TurnTaking",1.52106869158345,7.40062264460102,95.6425707117277,6.72410673903211,102,4.97200447928331,6.92334390264804,93.4067670909776,4.20043191820891,34,"surrogate","surrogate"
"196",20,"TurnTaking",12.4544776983533,47.3199205166418,99.2355236623628,26.076044319042,309,3.31998917959901,5.57638238050609,85.5677142128837,3.24151607118223,33,"surrogate","surrogate"
"197",23,"TurnTaking",1.78220341481657,9.03220590216952,96.7290668988536,8.52814738996929,162,3.33747920022605,6.85563255602206,60.8123362808805,2.89839627521987,19,"surrogate","surrogate"
"198",23,"TurnTaking",10.0813073733203,46.7927049476345,99.1983068240123,23.4932255908621,193,1.82277264307467,5.86373365041617,69.8986419344154,3.04648611191315,24,"surrogate","surrogate"
"199",3,"Conversation",1.2233505339281,10.0376477054136,95.6225810756706,7.12226640159046,91,4.22054905805093,5.00592082349754,86.8797224253373,3.7335797905114,63,"surrogate","surrogate"
"200",3,"Conversation",16.7617798713531,31.9847963461178,98.9963532088645,28.1928432732316,347,5.26014979811595,4.33142207758665,89.1604449710677,3.49237354962262,53,"surrogate","surrogate"
"201",3,"Conversation",1.75362591579041,12.2654149281409,96.9389275999553,8.65020781379884,152,6.32933732933733,5.94043521381483,93.0695389736796,4.14332254492803,52,"surrogate","surrogate"
"202",3,"Conversation",10.6484567150993,27.678936605317,99.0295224010653,24.503416337686,231,4.54590863681773,4.59406383931427,88.1403789165252,3.52902279696041,43,"surrogate","surrogate"
"203",3,"Conversation",2.02015691070798,14.7963942307692,98.024946347603,9.58337277173056,152,5.06856845971679,3.85170787982144,85.8413091931966,3.4851197677232,33,"surrogate","surrogate"
"204",3,"Conversation",7.59372070311227,13.2246230284823,97.6390289970166,12.412278308322,237,5.54746024841719,5.05562697206965,87.7670812188269,3.52774069291545,31,"surrogate","surrogate"
"205",3,"Conversation",1.73817940677225,11.4092004381161,97.0124323811332,7.79487570535306,91,5.60366942759924,3.80109415101986,86.2949006691134,3.40399673033901,35,"surrogate","surrogate"
"206",3,"Conversation",27.1931297621777,38.0006930967563,99.1887032354811,32.6562412622329,472,4.6023080601813,3.97545157161144,85.2683788377775,3.2889668596015,38,"surrogate","surrogate"
"207",3,"Conversation",0.953545554096262,7.78920651883516,96.0979058649249,6.69394934333959,104,4.64191048543487,6.31642591828312,92.7623310334214,4.27889848556555,57,"surrogate","surrogate"
"208",3,"Conversation",8.48136104486146,20.7077323244266,98.7682920366711,18.8671005061461,222,4.71549144011204,4.45444691997351,86.1488448428229,3.48983557930805,36,"surrogate","surrogate"
"209",3,"Conversation",2.22708179857668,14.3648201736255,97.6270459581159,8.77151297200103,136,6.49998966573068,4.96813039490086,91.7407479751614,3.96534527105299,51,"surrogate","surrogate"
"210",3,"Conversation",15.3923809002307,35.0608088449229,99.1635831897595,30.8464903815222,362,4.83265865317897,4.55285126396238,87.4535656679212,3.42154706697901,34,"surrogate","surrogate"
"211",3,"Conversation",1.76353949099013,13.1750498559716,97.7322713942949,9.04053637484587,170,3.57358760767852,4.26828178694158,88.6424643810369,3.59237563923756,35,"surrogate","surrogate"
"212",3,"Conversation",7.43045572991658,22.5187208885704,98.8326017321153,19.5202686870265,173,2.52522519567974,2.80118707032751,64.6825182090715,2.74093097913323,27,"surrogate","surrogate"
"213",3,"Conversation",2.7007249991441,14.9541465162099,97.7075632641456,9.68447627994363,111,7.29842113305177,5.55661626367501,93.1346802715558,4.11572801580886,42,"surrogate","surrogate"
"214",3,"Conversation",15.3373202580292,28.8867970216115,99.0848023364973,25.6736756756757,255,4.75600475306746,4.56605800214823,88.2818982027336,3.48730901922129,39,"surrogate","surrogate"
"215",5,"Conversation",5.91751387705877,21.0502917152859,98.8263582441043,16.0008017817372,173,5.75897194513339,5.90482241565538,92.5287506876588,3.74981421321953,41,"surrogate","surrogate"
"216",5,"Conversation",3.04240349876402,18.3149171270718,97.4475599315068,12.434111702854,186,4.34415941005727,4.74760901840279,87.956242403195,3.65891360878359,33,"surrogate","surrogate"
"217",5,"Conversation",6.96895137135558,25.0945723684211,99.0457899619155,17.820682714082,162,4.87998810177558,3.76219169687995,84.4461993102555,3.34231924401143,30,"surrogate","surrogate"
"218",5,"Conversation",2.65253057888397,9.89162561576355,96.5267231666095,8.01382816471784,158,4.54766876692005,4.92008782323831,85.2837783265255,3.66878364138638,32,"surrogate","surrogate"
"219",5,"Conversation",7.11547598106827,21.7683667273831,99.0116166236935,17.4590564654119,233,5.60887141846389,3.90260577321486,85.7678899182206,3.3944037308461,37,"surrogate","surrogate"
"220",5,"Conversation",6.50882554566811,21.8807329261521,97.8329283755045,13.3072007695479,247,4.01573069230214,3.91743774552774,83.0826639969055,3.30872625124596,35,"surrogate","surrogate"
"221",5,"Conversation",1.44522697889269,8.96051032806804,97.0224918090853,7.96999454446263,96,4.6353085186896,6.05444997236042,92.2817954314169,3.86029451137885,41,"surrogate","surrogate"
"222",5,"Conversation",2.32262679889519,12.3419831586183,96.6127610336658,9.04293450232078,122,4.34957906007439,4.48112126273046,85.7526771707251,3.58141522333637,35,"surrogate","surrogate"
"223",5,"Conversation",6.17476349141183,20.1260896637609,98.8978635508832,13.8702169056713,166,5.95073081525351,4.80879126358831,90.6481046462748,3.68321109213303,31,"surrogate","surrogate"
"224",5,"Conversation",3.57769011267511,14.6434270765206,97.1994856560103,10.1563194959229,236,4.33168353253957,4.48669594420046,86.4596779672532,3.53755490076166,38,"surrogate","surrogate"
"225",5,"Conversation",3.96135226089391,17.8421402018056,98.7366382305543,13.9231731470864,141,3.77836724109376,4.30979379758831,88.4102689803834,3.48874854200449,33,"surrogate","surrogate"
"226",5,"Conversation",2.50895794947002,14.2510488336969,97.4812376717205,10.4255398826613,153,2.48691413230128,2.82442142384836,64.1678897675743,2.74552441653388,19,"surrogate","surrogate"
"227",5,"Conversation",13.3639465619427,23.5150129811491,99.0403451130851,18.2191546328403,330,6.26091754872032,5.34333263772955,92.2326290980025,3.71342182329898,32,"surrogate","surrogate"
"228",5,"Conversation",2.85853493348622,17.1898856810696,97.2715205193704,10.8082548339118,88,4.671875448198,4.68622409466869,88.658978124367,3.71146559262302,32,"surrogate","surrogate"
"229",9,"Conversation",4.35918988776901,22.1798836242727,98.831564897734,16.2391570693457,212,4.18245132060922,3.74360357121457,83.1638385526202,3.37734359004358,31,"surrogate","surrogate"
"230",9,"Conversation",4.00138208464651,12.4374294220306,97.56870263113,10.9689497716895,235,6.87704839020628,5.12062403971162,91.7182079405684,4.07657113931937,52,"surrogate","surrogate"
"231",9,"Conversation",4.29312568262866,19.6241864688966,98.796159357543,15.2469252601703,155,4.60292065117356,3.75190943807965,84.2058221830869,3.28640086819462,32,"surrogate","surrogate"
"232",9,"Conversation",9.14728988196281,28.8861221087727,99.168500855955,20.1770818088687,329,5.18485674059717,3.96509168719365,89.5244476575036,3.51557955961778,30,"surrogate","surrogate"
"233",9,"Conversation",1.06309078383618,8.98069498069498,96.7207684663796,7.97616091383164,98,4.45523952006934,5.8325736255896,92.3212227411736,4.04176997345623,47,"surrogate","surrogate"
"234",9,"Conversation",2.93503202493361,16.7224774857563,98.3923215356929,13.8615550092194,181,5.15928425977048,4.56027055092476,89.515382004177,3.93674249133372,42,"surrogate","surrogate"
"235",9,"Conversation",4.33948679659287,21.7173635493138,98.8544089891586,15.7459799580517,160,4.50296220392683,4.52673503308558,88.1753266285655,3.51602305024641,33,"surrogate","surrogate"
"236",9,"Conversation",4.9814037413463,18.9794428901593,98.8006551150594,15.3183479893291,171,5.78521960354758,4.68172515349673,91.8665669074122,3.94528842160484,42,"surrogate","surrogate"
"237",9,"Conversation",3.57496976175072,18.8958268452196,98.7771494139825,15.4351946721311,184,3.86111656200942,4.41226748755567,89.1126499092956,3.69234593898979,39,"surrogate","surrogate"
"238",9,"Conversation",4.98699638078629,21.0626400996264,98.721511624491,16.53463885062,200,2.47710622710623,2.82136610110198,67.0198486048763,2.76764051070017,23,"surrogate","surrogate"
"239",9,"Conversation",8.18360426860239,22.2787258248009,98.8584839825186,16.9568677276983,231,4.62926142247628,5.15857772270412,89.7824961491017,3.58262133693795,47,"surrogate","surrogate"
"240",9,"Conversation",3.67836422990829,23.6754349627175,98.6764042604864,14.9928835002636,126,5.10601407208839,4.54627813837868,91.5987715130092,3.91335132324908,45,"surrogate","surrogate"
"241",11,"Conversation",2.98080520963941,12.1042340884574,96.8727633100259,8.32781143506248,133,5.82490439910091,3.8622930663505,84.7135653208883,3.44570664175301,63,"surrogate","surrogate"
"242",11,"Conversation",10.8223431561119,30.6011173184358,99.3715880140725,23.9403770276195,326,4.12969125531522,3.9943273649184,80.7785762671929,3.14193659249076,32,"surrogate","surrogate"
"243",11,"Conversation",1.3187699061115,9.03561887800534,96.0256720755631,7.90293003787124,143,5.19983271252144,6.43579984327773,91.7349252099021,4.28114200648626,76,"surrogate","surrogate"
"244",11,"Conversation",3.0647267217469,13.2147128354888,98.5003387004325,12.1720540888603,135,4.26553451429763,4.56786609744528,81.4927715361007,3.39438900939986,38,"surrogate","surrogate"
"245",11,"Conversation",5.08962121922359,18.6314931283485,98.0627777017188,11.1317462560045,198,6.94009608694835,5.02825908960145,90.9280646199177,3.90244921690468,47,"surrogate","surrogate"
"246",11,"Conversation",6.78921276741305,20.5409077768141,99.0165846376338,18.162502139312,197,4.58751715838363,4.67896667299058,83.2022543870885,3.30825842267437,31,"surrogate","surrogate"
"247",11,"Conversation",2.13924801092646,14.549569397156,97.4937480355849,10.2108200944611,156,3.70693987573099,4.2357070226654,85.9945272208406,3.50088104411194,39,"surrogate","surrogate"
"248",11,"Conversation",5.90682342265649,21.4858425045411,99.0349114593129,19.4653696498054,220,2.2231957933027,2.78472122688835,61.167447492997,2.70399610663494,20,"surrogate","surrogate"
"249",11,"Conversation",7.14168845042661,17.2729461096444,97.8101669229569,11.368284722582,187,8.0467812638759,5.55308585075627,91.813118675658,3.97111844610892,53,"surrogate","surrogate"
"250",11,"Conversation",6.61311660349058,27.7221923696937,99.0031287605295,20.7233249370277,152,3.90447122788123,4.4578969714124,82.479527565009,3.21788896100065,33,"surrogate","surrogate"
"251",13,"Conversation",1.64095419273607,8.61821335646141,97.1376790181825,8.04404567699837,160,4.1601532711703,5.86678163397284,88.632876929393,3.48840571493367,35,"surrogate","surrogate"
"252",13,"Conversation",4.0636106940186,16.6677346148712,98.7303910650078,13.7125179538173,180,4.51627382539396,4.48466511672346,81.9477986253019,3.28637186036611,32,"surrogate","surrogate"
"253",13,"Conversation",8.94429609588624,24.4924623115578,99.1534657013834,18.4882384389201,215,4.68054017390333,4.60730621832118,86.1054663686243,3.30245019241074,37,"surrogate","surrogate"
"254",13,"Conversation",5.36952681974528,18.8845848907011,98.9606218358965,14.7778372113756,204,4.7995213408164,4.60712783220145,83.3293079424059,3.22707214121259,27,"surrogate","surrogate"
"255",13,"Conversation",4.70104563018895,17.3284270650264,98.8261950467319,14.3541457171588,171,3.33444479659122,4.23849449656497,83.8468012079009,3.23067141403866,33,"surrogate","surrogate"
"256",13,"Conversation",2.94498458479546,15.988987854251,98.4397291377821,12.9382015053479,244,2.40695071705887,2.79141765895304,62.096949330773,2.68910557837945,14,"surrogate","surrogate"
"257",13,"Conversation",20.4130267742512,25.0349031130877,99.2362725555277,20.4170671515781,400,5.15983203964194,5.24324579633478,88.3977772632554,3.42036775739658,28,"surrogate","surrogate"
"258",13,"Conversation",4.47953632750897,23.7089719304288,98.7162060111766,16.629028349891,141,4.38072010061613,4.5253475590042,83.3569685152106,3.18393229166667,21,"surrogate","surrogate"
"259",16,"Conversation",2.86892583957872,15.8860715526224,98.2386135061377,10.9082458046601,127,4.80748797179822,4.65437583296313,86.353425796,3.51469470794421,40,"surrogate","surrogate"
"260",16,"Conversation",1.24014531008156,10.8490358126722,97.3212264506879,8.35319516407599,126,4.62928702830312,4.66928406466513,91.6519694297472,4.00114672636925,47,"surrogate","surrogate"
"261",16,"Conversation",3.10613816779739,16.3904863872744,98.5994345831209,12.3475333720255,176,3.73765682213818,4.46959595959596,86.7696719842266,3.58265245707519,36,"surrogate","surrogate"
"262",16,"Conversation",1.51876437400454,11.4303602811951,96.9858391310117,8.67871077184054,190,2.5041161791567,2.82130394076092,67.2456230469586,2.78693396017208,22,"surrogate","surrogate"
"263",16,"Conversation",6.49479103150148,17.571110730789,98.5258483371145,12.85689090451,187,4.79392733904769,5.12423928525185,87.2382905899916,3.53201474201474,36,"surrogate","surrogate"
"264",16,"Conversation",0.16001068409897,6.8709219858156,88.9302507836991,3.92647058823529,24,4.71249731257639,4.67088760250844,92.3800645746776,3.87648308377804,41,"surrogate","surrogate"
"265",19,"Conversation",2.33210297547126,14.5021474588404,98.2493082931368,11.2460762331839,168,3.64920932646013,4.2599496386409,87.3446582846487,3.49679206765821,30,"surrogate","surrogate"
"266",19,"Conversation",5.84056435053322,20.200238497466,98.7910992051465,16.4263187840364,184,2.38810310655166,2.78129931614939,63.9113060320358,2.69520724780547,17,"surrogate","surrogate"
"267",19,"Conversation",11.6182753211288,23.9312809943969,99.0677412794742,18.3392114127204,314,5.61503329425868,5.26313281381398,90.2580048311662,3.60502114381902,38,"surrogate","surrogate"
"268",19,"Conversation",4.08841946613559,18.6186186186186,98.4419317309082,14.1780746906144,141,4.34568427103841,4.4317815521944,87.1308563269914,3.34692107545533,22,"surrogate","surrogate"
"269",24,"Conversation",6.76166121277302,20.8547336486125,98.5881124757047,16.1352271148771,262,2.30252754485388,4.932832230908,63.5962877030162,2.66789955226786,16,"surrogate","surrogate"
"270",24,"Conversation",0.786778200800466,13.4047856430708,97.0567854407528,9.81992619926199,60,3.7087788804267,4.64417328065452,88.9287411952811,3.52621658670322,36,"surrogate","surrogate"
