"","Group1","Group2","Group1Participant","Group2Participant","Condition","RR.HR","DET.HR","NRLINE.HR","maxL.HR","L.HR","ENTR.HR","rENTR.HR","LAM.HR","TT.HR","RR.RE","DET.RE","NRLINE.RE","maxL.RE","L.RE","ENTR.RE","rENTR.RE","LAM.RE","TT.RE"
"2",1,4,1,2,1,10.6768845991852,97.363108417206,53453,74,7.46163919705161,2.75345882567746,0.669798908128545,98.5331344638947,8.99556506429543,8.33317695236427,94.9578701763385,53985,66,5.62387700287117,2.36932102952187,0.57186675934756,96.546105102494,6.55322265625
"3",1,4,2,1,1,14.3384667992777,97.9735919845275,54643,100,9.86380689200812,3.09537517768428,0.67511387857909,98.9026349848038,25.5673605563648,7.47480181318521,92.038829534994,58901,49,4.48141797253018,2.03420467117661,0.537553576317562,97.6543976122068,6.63724049672955
"8",1,8,1,2,1,11.7728943613195,96.4018163694761,58975,123,7.37949978804578,2.74288251308313,0.617397665206339,97.3904086831321,8.62857423216564,12.0000333797869,97.2859440194715,78147,58,5.72857563310172,2.41696468160885,0.608762462366767,98.4385865785814,6.59688341950047
"9",1,8,2,1,1,10.2228205085411,98.4806510038009,41490,128,9.30474813208002,3.02158878018688,0.67486296103882,99.6173567000842,21.7143016014235,5.89852127544166,85.1517321873839,51168,36,3.7641299249531,1.75394645536669,0.501628103052367,92.4576016411127,4.05043481629254
"14",1,10,1,2,1,12.2645671464535,98.4236883603972,45231,144,10.2112047047379,3.11995891154447,0.65997524027853,99.2886672633508,13.1193895365208,3.09387205499845,74.7592417381902,26967,34,3.28167760596284,1.54411722329472,0.441617012447443,77.4058930864364,3.50053484107579
"15",1,10,2,1,1,8.2874821229938,97.0434354806664,41742,86,7.37185568492166,2.74769371175944,0.651188219988037,98.4603788817721,13.6795776190685,7.19988583806569,93.3087215676025,54583,49,4.70925013282524,2.13108223931546,0.553506633971366,98.1062008581448,9.10184218502677
"20",1,15,1,2,1,9.25600291050206,97.7707060325062,45476,76,7.61397220511919,2.78893507693873,0.670597134143464,98.9591922021302,9.16695875075201,7.70493739911514,93.5882388857606,57897,46,4.76535917232326,2.14989443054776,0.571597991177697,95.4525410275371,5.32926783076399
"21",1,15,2,1,1,8.0919066297557,97.1599571070515,42036,86,7.15612808069274,2.70345507990136,0.663011711625588,98.542996305005,12.291394730481,6.20010642568602,86.2527136684582,52059,38,3.93040588562977,1.84412307927075,0.522953641976661,92.1298345452629,4.65277925616844
"26",1,17,1,2,1,8.85527351436442,96.7533967411167,42106,75,7.85909371585997,2.73937697084054,0.656234506701394,97.8854975893152,9.84378124081153,2.52340562149175,70.1309228212021,18609,22,3.67300768445376,1.73985301797489,0.590894574581212,72.2107077630256,3.91903329992204
"27",1,17,2,1,1,10.7634789452971,98.1297507938035,49144,86,8.30101334852678,2.89464075133999,0.656869791089373,99.3103531222938,16.2925414364641,5.43119161540214,86.2578061686609,44934,43,4.02686161926381,1.87838011772311,0.502553812818215,92.8659960909568,5.48128868880135
"32",1,21,1,2,1,11.3594538607965,98.2717824097843,43833,121,9.82549677183857,3.07670586000104,0.661094128121849,99.2513491004096,13.0212243676096,3.23602718876618,76.762142765603,29738,14,3.22267805501379,1.52759128674789,0.595563917199403,79.3356721773677,3.29635915867945
"33",1,21,2,1,1,11.2812280978232,98.2604879640288,49339,99,8.66790976712134,2.94812280128444,0.655166110851986,99.4655785238847,21.2743132340656,7.04205528990706,90.3057562562802,56186,50,4.36672836649699,2.00065263213351,0.542346980165571,95.9696268132078,6.03083221538604
"38",1,22,1,2,1,10.1430358135472,98.1581393911456,38090,83,10.0065896560777,3.11782492177393,0.719930015725186,99.1622521587523,13.287666505625,2.59884877563559,74.1534410147651,22267,16,3.31324381371536,1.568860987988,0.611653787013033,75.7003146013207,3.36182654108825
"39",1,22,2,1,1,9.1744787204253,98.144204268501,39342,96,8.76178130242489,2.95010490249769,0.662297909500453,99.4225907113409,17.9914472667319,2.93534524192638,56.4735301184448,23714,12,2.67609850721093,1.12697224573627,0.46998393070815,61.5379139117048,2.7154637555957
"44",1,26,1,2,1,14.5323208463637,98.2377502308823,77429,141,9.75399398158313,3.08171104439764,0.651884542283447,99.1794898476827,12.5863651370089,9.374300594608,96.7448378770769,85595,63,5.60519890180501,2.38881692676075,0.598853467167473,98.316663978061,6.89128222523745
"45",1,26,2,1,1,10.8620114747851,95.5859755004586,63814,82,8.607186510797,2.9276055881317,0.668093973908394,96.4263525824758,21.1953178792747,4.02131636412028,84.1239846570397,54047,22,3.31122911539956,1.5481990116942,0.508519494719797,95.3665576113117,5.86203010777543
"50",4,8,1,2,1,12.6556552988822,95.8500229824677,52191,110,7.55147439213657,2.76408535719023,0.627243353183031,97.4826293888609,8.85777424202245,9.64362638911716,95.6112242357702,61806,72,4.84695660615474,2.1668743074983,0.53365465341347,98.1862109906103,6.29904379696554
"51",4,8,2,1,1,7.95277078589575,97.4023360398783,35276,74,7.13442567184488,2.7011364162268,0.668093535621557,99.5468020713196,19.9716592903176,5.7329226231038,84.8053558677784,44795,28,3.52630873981471,1.67123115193142,0.533004061510024,91.7294363346451,3.98753734129948
"56",4,10,1,2,1,13.5895124736488,97.9355070095155,40107,106,10.7574488243947,3.18583805721967,0.701217554637277,99.346489794436,13.8212909745468,3.21720010586731,73.5787909295748,23019,14,3.33372431469655,1.57656492573361,0.614657330815254,78.0679802483341,3.55907680202824
"57",4,10,2,1,1,8.34402185950125,96.1751744942624,39794,60,6.53741770116098,2.59552607510526,0.653736836388716,98.42178812256,14.0370663292207,7.84130638775937,94.5440383321728,43652,65,5.50558966370384,2.34864668080321,0.575996349049718,98.2726131888796,9.87032281006756
"62",4,15,1,2,1,8.67081622089497,96.9280301682735,38405,79,7.09425856008332,2.71280946746854,0.686571029448542,98.9878686541677,8.36148090272561,7.57926012572051,92.2614202454987,48463,89,4.67758908858304,2.09266982821446,0.529623069914241,95.5067886562693,5.54761229314421
"63",4,15,2,1,1,7.14795573068492,96.1704110960547,35564,63,6.26611179844787,2.53792105838534,0.630484303825347,98.612561603991,12.2327087794433,5.95534447901378,86.9828032735937,43150,29,3.89174971031286,1.83993415972183,0.564726716427854,92.2977312752512,4.64593002033686
"68",4,17,1,2,1,9.33488568944627,95.9404738132572,37449,77,7.82605677054127,2.68955138176844,0.646700406782231,97.8126155971442,9.67481543841471,3.06902025855286,74.6614624820774,19761,26,3.7945448104853,1.79414038487545,0.580432139625316,77.7411581965907,4.02707860532288
"69",4,17,2,1,1,8.85998084001412,97.0152239444295,41673,75,6.74979003191515,2.63678983337149,0.64141832624722,99.097738137119,15.5654152445961,5.33827153703118,87.1820117692854,36333,42,4.19178157597776,1.94911920029809,0.557447443208333,92.6854120394752,5.52739562352781
"74",4,21,1,2,1,10.6155121130163,97.4766861477101,35332,110,9.57341786482509,3.0337335986264,0.663153063195019,99.1582229599659,12.7254336329006,2.93391629260419,72.9815963714092,21770,16,3.21511254019293,1.51964484307958,0.561158298491316,77.4589437464157,3.34324932493249
"75",4,21,2,1,1,11.6121044811323,97.6587342359075,47690,80,7.77299224156008,2.80645845128039,0.665115138393438,99.525266017003,22.7646278999699,7.01655847840778,91.1745727241018,46734,58,4.47464372833483,2.04986832458206,0.563524335801919,95.980554586676,6.14181290628575
"80",4,22,1,2,1,10.3910257655313,97.4682755612785,32745,85,10.0323713544053,3.10051844464482,0.722654178922837,99.2692327091795,13.6988208319686,2.34468092059525,71.9862725503603,16346,18,3.3492597577389,1.59151689300028,0.57401838225563,75.4641561037185,3.39216265736746
"81",4,22,2,1,1,7.5812747391245,97.044399079323,33953,53,7.028480546638,2.68949848523555,0.694745242537742,99.3119322017356,16.9404827968923,2.93356418815284,56.8946854014062,20777,12,2.60562160080859,1.06259801589358,0.443137791690757,61.533530209242,2.65887107760774
"86",4,26,1,2,1,17.2902809253729,97.8816637526694,73507,141,10.3198062769532,3.12899980397411,0.645928769497961,99.2670920457551,13.2109800285062,9.20150067220584,95.6931395250161,77566,68,5.088208751257,2.23752765096662,0.563567541048829,98.4305405700292,7.23898002853067
"87",4,26,2,1,1,9.80894004762778,94.9199612429548,60111,54,6.94260617856964,2.63585889876126,0.673784099711035,96.746819147436,20.3930865854828,4.67884713463616,88.0897204817898,45971,37,4.01862043462183,1.86558805359841,0.538294926653625,95.9264345454372,6.40501130249292
"92",8,10,1,2,1,9.1389927641886,98.4991708966137,30341,96,9.6127022840381,3.0606020943931,0.675242120777781,99.1533351570231,12.3033985668189,3.29336826341761,70.6058760133077,23224,17,3.24405787116776,1.52462152167099,0.549890977136831,78.9241366383956,3.45161686954383
"93",8,10,2,1,1,9.00707902108521,95.3657792748493,45082,61,6.17330641941351,2.5296023423926,0.628417722658817,98.4264757786238,14.5252591656131,10.5351673273671,96.7486867893795,59542,60,5.54635383426825,2.37678884582724,0.604500063798706,98.7012910918471,10.4557755570728
"98",8,15,1,2,1,7.59161431063495,98.0164086385221,32389,68,7.4435456482139,2.76313688380168,0.666919389852484,98.9116470435179,9.10554287211348,5.62062422299287,83.9485360335625,41459,40,3.6874261318411,1.72121226983595,0.492266136874605,94.6987501921936,5.26111229750755
"99",8,15,2,1,1,7.13781745409562,95.1112360279333,36352,68,6.05080875880282,2.4969776809513,0.61237394268035,98.5306899011956,12.6790006677053,6.88198380491828,88.9243685419058,50735,40,3.90815019217503,1.83952937000666,0.540847579127468,92.1081192594719,4.52755610422821
"104",8,17,1,2,1,7.13776856446617,97.0580424073677,30066,75,7.53615379498437,2.72225049875882,0.667621214080448,98.0055686442493,9.47858148976717,3.14927093556899,73.7245269463403,21013,38,3.61381049826298,1.70318368004788,0.511128196017694,81.024456073242,4.14976878325295
"105",8,17,2,1,1,8.86376630802017,95.7533778772753,43043,93,6.44913226308575,2.57734872839531,0.608711359904835,99.1134904674354,15.6583651226158,6.65037011218022,90.7006146872083,43742,53,4.51012756618353,2.05950830330214,0.562160133289392,93.5832540262702,5.82809368378858
"110",8,21,1,2,1,8.60951213733836,98.3660119100524,30261,120,9.14308846369915,2.98964294921196,0.658034112353638,99.109412496667,12.0382605691584,3.09816940544703,72.0128830840364,22161,19,3.28911150218853,1.55815521298737,0.539084707263234,80.7010610760932,3.36452755581185
"111",8,21,2,1,1,13.5443672624583,96.8874435590669,57574,77,7.44650363011082,2.76202642661661,0.656891401259358,99.550280453245,23.8357231751529,8.52389910579224,93.6842407658774,57723,61,4.51968885886042,2.06731352946098,0.553102264402506,96.4456797305353,5.95191135734072
"116",8,22,1,2,1,8.75831868611184,98.4675638456364,28901,102,9.67357530881285,3.07869429947014,0.710894450792159,99.2512159815727,12.647024504084,2.12958981404764,67.7173110071411,14806,21,3.15750371471025,1.46962804821915,0.518714219422367,76.469139736663,3.28942613246931
"117",8,22,2,1,1,7.7724460314924,96.0613889914155,36754,128,6.58548729389998,2.61190406661815,0.623417495579801,99.3324522655745,17.1392864479901,2.81439497464062,57.2037660159804,20099,13,2.59669635305239,1.05194258155943,0.438694130428726,60.2376228942205,2.63491226387957
"122",8,26,1,2,1,10.1158496459195,98.3986036052934,47424,126,9.40262314439946,3.03211855950148,0.659856251499658,99.1543956201577,12.0500683847784,6.10024349453499,87.220292962818,65047,30,3.66431964579458,1.72705602138705,0.512891087859657,97.9980020272471,7.00769311283232
"123",8,26,2,1,1,11.068889220255,94.29457045422,70842,53,6.60018068377516,2.59577630099601,0.656951705810732,97.024972724211,20.6139508976391,4.07866739646571,90.7385819445585,45497,31,3.64404246433831,1.74468733182512,0.535492828854177,95.2319185616944,6.03046371386983
"128",10,15,1,2,1,7.4287522534617,96.6380326203275,35280,76,6.57831632653061,2.60308270589531,0.633218822056654,98.854499348343,9.08765885775532,7.05372178455607,93.1308187850004,44639,60,4.75747664598221,2.14943708918704,0.571476396647585,95.5734477027448,5.36808788393803
"129",10,15,2,1,1,7.15663553992138,97.2709197786999,30158,88,7.46223224351747,2.74603922285362,0.632173625696561,98.5377766251729,12.438727629856,3.02254637150907,68.774881540839,21337,16,3.1495524206777,1.47052687140357,0.543020535884102,90.5007522028799,4.4925320056899
"134",10,17,1,2,1,6.9413213947545,95.271520079816,32691,64,6.6015111192683,2.5838277444276,0.644774872713187,97.5600496201235,9.45509776237539,2.44973754125337,71.0572400680476,15380,19,3.69349804941482,1.74737495119269,0.604550243898231,73.5427299109377,3.94901934443847
"135",10,17,2,1,1,9.22129577706481,98.1613358810335,34349,94,8.59972633846691,2.93151774913997,0.665238147621929,99.2233945335216,16.2762605614609,2.98957825805839,70.4369573907607,21113,18,3.25481930564107,1.53237116385294,0.540859786315666,92.4806018798495,5.28682761045353
"140",10,21,1,2,1,8.67185884665624,97.0861353530279,35542,80,7.72173766248382,2.79102359080457,0.66378778271046,99.0986369891363,11.8180475869052,3.18877934482575,76.2417385783139,24330,15,3.25733662145499,1.54661089142718,0.586046719815918,79.2884835541189,3.35087006017239
"141",10,21,2,1,1,12.6805416571824,98.4732325810377,41024,127,9.92214313572543,3.09070435876865,0.671137924103776,99.5480903915985,23.3402722631877,3.16049517543241,71.9631157486047,22599,23,3.28067613611222,1.54603438698337,0.534891189259575,94.6294588692065,5.67407752298918
"146",10,22,1,2,1,7.73393449951493,96.8976103484942,31288,80,7.74741114804398,2.8034654726637,0.669139975793743,99.0142387732749,12.1915637151154,2.55042196845238,73.9829809930178,18236,16,3.34684141259048,1.5934209776217,0.588401565441126,75.9697439875873,3.3689189915605
"147",10,22,2,1,1,8.39593248257436,98.2590444628556,28980,84,9.20797101449275,3.00917710251126,0.682861088638536,99.3821228021725,17.8079308524677,2.16598518148446,51.983271720358,13940,13,2.61262553802009,1.06871130811635,0.445687232565895,67.0558513295557,2.77070063694268
"152",10,26,1,2,1,10.4710293103001,97.0126293434066,58532,80,7.75738057814529,2.80436299730205,0.669354199803504,99.1866027685845,11.9832214765101,8.41795254761481,96.3100768601103,65765,67,5.51028662662511,2.36607471157788,0.59043623332773,98.33921566543,6.99825998146502
"153",10,26,2,1,1,10.8057178039065,96.0527705141026,50606,148,9.16752954195155,2.93960673121967,0.618397172040507,96.9867307664437,22.2411451903903,2.88317581795094,71.9592156619307,29948,37,3.09656738346467,1.41268890628828,0.397341942857902,95.7415440006828,5.96639264990329
"158",15,17,1,2,1,6.32404538866264,95.2678835335333,31630,65,6.21596585520076,2.51073229479195,0.652113257599994,97.6741594266803,9.04216570223837,3.04102813962254,73.9056831922612,20391,38,3.59688097690157,1.71216505436443,0.538746398193315,81.1064087061669,4.08475006343568
"159",15,17,2,1,1,7.59901574139616,97.2344989999355,35529,74,6.786737594641,2.65210738568134,0.645144432378411,99.0386476546874,14.7560682528238,5.97048449915272,87.6174687819174,38965,52,4.38118824586167,2.00429166172193,0.547088286023345,93.355026457742,5.66147908366534
"164",15,21,1,2,1,6.93054181056724,97.0378895184136,30470,80,7.19488021004266,2.70762828059705,0.666830755551641,99.0655984419264,11.4921181001284,2.7693330887356,68.9445466025655,19636,17,3.16963740069261,1.4905288407702,0.537594641720286,78.4666681436515,3.35107389535434
"165",15,21,2,1,1,9.42660442104269,97.9231074634054,40471,100,7.43505225964271,2.74197035801124,0.607859844459777,99.5144588429021,21.8143815094878,7.00870673856531,90.1898734177215,45957,55,4.48364775768653,2.02739953329113,0.545943231173212,95.7573927202059,5.90326497571506
"170",15,22,1,2,1,7.19018908663261,97.1011377024087,30248,64,7.466014281936,2.75586320867486,0.670383791799718,99.0510547180682,12.1264936568932,2.06198475113785,67.5577612186455,13828,19,3.25853341047151,1.53546752879146,0.541952667282439,75.160801835165,3.37439418416801
"171",15,22,2,1,1,7.09475230646614,97.5880986722559,31408,69,7.13041263372389,2.70503526320954,0.660676018371413,99.2740329517576,16.4920370638483,3.00435725940935,57.2850101359347,20802,13,2.67613690991251,1.1277116429121,0.453824550313917,62.4579384434909,2.70120160213618
"176",15,26,1,2,1,8.46240615970011,97.2222442532154,49563,77,7.41980913181204,2.74716179140818,0.644468238444159,99.0749626574665,11.5104121874808,6.92006493314732,88.9840453906212,66989,54,4.10874919762946,1.92038377739787,0.540139458692937,98.3644504792849,7.20541846255861
"177",15,26,2,1,1,6.62622812331929,93.8203328370152,45517,53,6.10492782916273,2.49648082160125,0.659713456013122,95.6661635959093,17.4947517905656,4.2711710607209,86.4300156091224,44854,23,3.6787577473581,1.75062686355489,0.584373603412175,95.6530165414794,6.08250341404923
"182",17,21,1,2,1,8.60613354119848,97.8251581077216,34037,90,8.13920145723771,2.85005972352301,0.639837788562235,99.1574650503367,12.0404339250493,2.60417948729637,67.9577094978586,18174,17,3.2043028502256,1.51313559048399,0.558754630866194,76.7530603433186,3.33140860051664
"183",17,21,2,1,1,8.98430223105548,96.6303270564916,36257,72,7.87916816063105,2.75006630986949,0.680195755059625,99.5298288103316,21.8608469539376,3.01684041943782,74.2475219598678,19268,27,3.82535810670542,1.81421963754052,0.570858687230573,95.2353130792167,5.75493060628196
"188",17,22,1,2,1,8.99235418513805,97.8414056406816,33819,77,8.49460362518111,2.92036229784107,0.697041278496511,99.1448042858554,12.6617372015136,1.92411762273807,67.6885365931302,13183,19,3.22582113327771,1.52536555620399,0.550159330869584,74.4596186292299,3.25154653506638
"189",17,22,2,1,1,6.82359498772658,96.7774222070618,30075,65,7.16950955943475,2.67817005051162,0.668317289009313,99.247765963654,16.7127957070516,2.07902461881945,54.883330387131,13839,11,2.69217429004986,1.14306777514002,0.496428027184736,66.5267220552708,2.76806619675146
"194",17,26,1,2,1,11.4398648963119,97.9667827121317,59451,93,8.50586197036215,2.91561830607861,0.658031789271844,99.1363427661442,12.0523576240049,6.8752396339612,91.3022174800221,58636,50,4.8303942970189,2.17483451820411,0.593639394740826,98.4056321865017,7.42173976466012
"195",17,26,2,1,1,7.74226577927302,93.3525697175801,45200,54,7.21495575221239,2.56512875079012,0.646080642593144,96.1532956620809,19.3870483666166,2.62295299960772,71.4136037177862,23982,27,3.52422650321074,1.67664533419989,0.559677962213491,96.0084495141529,6.07593176835463
"200",21,22,1,2,1,10.0590908658883,98.1879751040886,33300,103,9.6739039039039,3.07269843853545,0.686278152807127,99.051773010735,13.1760866039572,2.2482920124467,70.8114005182054,15525,19,3.34466988727858,1.59040914532124,0.550243802021808,75.5120687303968,3.37784420179345
"201",21,22,2,1,1,8.11788862293111,98.0862780052271,30124,119,8.62119904395166,2.92532011396666,0.640906432036666,99.4032601634614,17.5449636690887,2.11078226642429,54.2348754448399,14181,16,2.63295959382272,1.08714855939151,0.411945791094276,67.7347665044666,2.75977984257561
"206",21,26,1,2,1,16.2976207856107,98.4816616363966,73421,100,9.85276691954618,3.09911610558554,0.678983279886215,99.2569630782258,12.7221727826345,8.31728834257279,93.5569664150239,72362,68,4.84670130731599,2.16204259246443,0.55849401422774,98.3941099581188,7.32935916542474
"207",21,26,2,1,1,8.78816574138951,95.2642434983703,45919,91,8.21740456020384,2.81927685996157,0.665849301830384,96.6215005061943,19.0176406281057,2.89934721034595,76.9729944825792,30767,17,3.26928202294666,1.54994403245327,0.559024142318943,96.13474444623,6.37339556592765
"212",22,26,1,2,1,9.27611522804526,98.0950062310628,46762,106,8.70266455669133,2.94880576942556,0.6553178879695,99.115116775178,11.8017852530065,2.93246404434036,57.4384859968433,28628,12,2.63133994690513,1.08451298287277,0.452277042778074,97.8024994471937,6.91652736586681
"213",22,26,2,1,1,8.04795906548601,94.7925985608313,42457,80,8.03606001366088,2.80618203350989,0.703482892072948,95.9669935820854,17.6087887438825,1.81121003578908,73.0787748601904,19027,18,3.11115782834919,1.44686674703047,0.521846870192001,95.9520017777119,6.23237911955737
"218",2,6,1,2,2,7.42942439770772,94.2511579502312,48817,59,5.6397976114878,2.40588776985935,0.611900932186641,96.4568263434106,7.03487965644662,4.51305911879815,87.3279044210882,44620,28,3.47285970416853,1.63492459386745,0.507917882770266,96.4834173969399,5.52309826440416
"219",2,6,2,1,2,16.0921987114338,99.1727713109378,41120,141,15.2597519455253,3.49571291556328,0.714818681429072,99.5361260599164,21.5044731270914,5.76049923038029,84.6798120904933,60429,36,3.17385692300055,1.46300864269361,0.439051276182533,96.8020945552161,4.22079122148426
"224",2,7,1,2,2,7.66857452229614,97.0019097396723,33103,88,7.28840286378878,2.72981972182551,0.628439687489635,98.8553623479747,9.90165914948454,5.97077416761011,90.3407037147962,47328,41,3.69658553076403,1.73070032428808,0.475782633948185,98.3026779167398,6.2365601965602
"225",2,7,2,1,2,15.9609635719201,99.4421296430441,27986,174,18.3947330808261,3.71709841112349,0.74586513207764,99.8750200412221,30.4604689525156,5.19042791709523,85.5697721386651,44363,31,3.24718797195861,1.52206909704351,0.478931188172125,97.8015776843206,4.95134273599374
"230",2,12,1,2,2,9.18050772204561,97.9913495098612,28900,125,10.151937716263,3.09681407389837,0.67694201632635,99.5497737178738,17.5327647058824,5.34705051218651,80.9156803376457,43442,31,3.24810091616408,1.5038617118861,0.461576780901446,90.0776447380494,3.63958849834334
"231",2,12,2,1,2,11.5575265414655,98.4304653155651,31939,80,11.6162372021666,3.12960372898336,0.741698782809247,98.895542107623,15.2534577297651,5.5934850759449,83.8225862154028,49024,28,3.11908453002611,1.43538794177118,0.464370180426245,96.3118281338223,4.42518197617308
"236",2,14,1,2,2,10.9033053076677,96.8445172218449,44294,72,7.75759696572899,2.80003849954852,0.670766346893955,98.6330750737717,11.24192097655,5.80616810482582,82.1749531602291,48639,44,3.19215033203808,1.45842956598728,0.428798861792183,92.3039874670534,3.59923640491177
"237",2,14,2,1,2,15.5642008997714,98.2955039053553,40839,115,12.1905776341242,3.25709461022999,0.705744215854032,98.7618562481737,16.1991320962466,5.34734002015881,81.7988517967255,44978,33,3.16463604428832,1.45476127204095,0.457752243888731,93.9388889208154,3.94773830511749
"242",2,18,1,2,2,6.53336908833322,95.1823599970013,30324,68,6.699050257222,2.59719428102718,0.629297240826048,97.3053639703126,9.16069695632995,4.08243731548522,81.6526694661068,30955,33,3.51775157486674,1.6211620448362,0.476644505719318,90.4761547690462,4.53468881539387
"243",2,18,2,1,2,28.3875107295612,99.2490251561476,52824,206,17.4232167196729,3.67715389976549,0.715984855098296,99.5523698195245,25.7095076306116,4.70958858484894,77.3846743842909,37589,26,3.16725637819575,1.45608445887007,0.46438754422597,88.5132631770525,4.07319334769084
"248",2,20,1,2,2,10.9370878637789,98.1806356889049,34203,110,10.283863988539,3.11692541018624,0.694403634744029,99.7565993127838,18.2404430153626,5.5397213837031,87.3261324809876,44629,34,3.5506509220462,1.67345954319472,0.487322591362311,95.1504463793674,4.68840796154995
"249",2,20,2,1,2,13.5111685863056,98.7663080072485,33364,150,13.1013667425968,3.32971705907469,0.699201059151591,99.2649816753808,18.211706669983,5.58392680949171,86.4188553808472,48225,35,3.27769828926905,1.53761643262388,0.456632416709897,97.6611192512083,5.66432014205987
"254",2,23,1,2,2,8.66431830754236,97.8464474828771,37407,79,9.29176357366268,3.00824975001379,0.708074171824349,99.5143950206488,15.3643080667594,2.45902079180777,72.1247408671157,23106,33,3.14697481173721,1.44743367110683,0.444257453459558,79.9448505708363,3.5088376142795
"255",2,23,2,1,2,12.3549593110439,99.2606689711947,28942,159,17.3724690760832,3.67139727038746,0.761656185519243,99.7050572611388,26.8698127261119,3.43919486502545,58.2093998000043,29439,31,2.7880362784062,1.20271626023265,0.395042665913803,67.1829677382751,2.97238782554126
"260",2,27,1,2,2,7.27999424594612,96.2618175623882,35233,88,6.41563307126841,2.55544716826426,0.646745012525251,98.2931607188485,8.48635929112435,8.09120423418999,92.206861670741,61740,41,3.89774862325883,1.82255741224109,0.497482392350768,98.7340317105132,7.61291656818719
"261",2,27,2,1,2,39.3142941115195,99.03801189651,47188,269,26.6149020937526,4.0676402814138,0.735634767538809,99.201642137902,47.328028592927,5.2186106440076,86.6725282036963,43617,37,3.34491138776165,1.57363510207426,0.509095273138213,98.5136251032205,6.54537201499901
"266",6,7,1,2,2,8.69622004188533,97.8191996909692,43812,89,7.74504701908153,2.80250749784303,0.637738064363139,99.0083340299979,10.3573884197829,5.83371312910098,92.8248519591244,61762,43,3.49744179268806,1.66728239859172,0.468950541481798,98.0731051197649,6.14706278449646
"267",6,7,2,1,2,6.8143633494828,95.1836482429808,43854,58,5.89984950061568,2.45294299391358,0.614929256492342,99.5923833068456,21.2793585914164,4.55230978499298,91.4202796394094,46142,48,3.59782844263361,1.72160395084082,0.522357149590353,97.4123166897038,4.71510822049259
"272",6,12,1,2,2,10.0720373295677,98.5321309844129,35778,102,11.1257476661636,3.19955632558928,0.694774828371033,99.4757257040449,18.2617922384804,5.55383527600265,84.4175199651648,57443,37,3.27369740438348,1.53177017236821,0.454896228221908,90.3170634261525,3.63433226756264
"273",6,12,2,1,2,6.6572574854599,94.1345437250254,45781,68,5.49046547694458,2.36511238905337,0.592910967164796,98.6405563607357,13.2403860654502,4.59793327110409,90.1226534795198,46505,41,3.57393828620578,1.70410137632235,0.511403598164131,96.0281311340296,4.22353390093248
"278",6,14,1,2,2,10.3422884527932,97.5364626241493,48971,125,8.24406281268506,2.87987395022085,0.63999905800671,98.6236371059898,11.4482023669303,6.07106626888346,85.9158349624447,64031,42,3.26020208961284,1.51675096086186,0.433790270490853,92.3016771272765,3.59741426325752
"279",6,14,2,1,2,8.02927404564512,94.4735580962576,55312,55,5.48862814579115,2.3646141137066,0.614161938273834,98.8314775973561,14.2423875510113,4.3656207366985,86.4205586080586,46256,31,3.26431165686614,1.54051760459315,0.472827488877492,92.6402243589744,3.78746256083864
"284",6,18,1,2,2,6.61837382917498,96.0018503335866,37164,72,6.86866322247336,2.6300454505107,0.627747538270568,97.3380770069726,9.08235954661894,4.18431724824913,83.9388964237276,42839,38,3.29391442377273,1.54532326175448,0.454346833878628,90.0569871749114,4.40185502863955
"285",6,18,2,1,2,9.25085866516925,94.7042996286929,59960,57,5.87021347565044,2.45092382169448,0.617315773011183,99.1241995372114,19.9385722790496,3.86661300242709,82.5245905860542,37450,24,3.42315086782377,1.61596914706687,0.522790990887612,88.2145432073334,4.12958052073288
"290",6,20,1,2,2,10.0838312770195,98.7901061949517,37142,115,10.8049916536535,3.17964136091867,0.683211957491439,99.7338972119517,18.1179232626778,5.70867861731514,89.3233265790641,58052,53,3.53862054709571,1.68987093137311,0.50713301846058,95.2573724443208,4.74025749215623
"291",6,20,2,1,2,7.67841079013684,95.0147092102286,50775,47,5.78845888724766,2.43972560193618,0.652739768652076,99.2444961691398,15.7966965112689,4.2083936525336,92.0601870966981,40687,70,3.8360409958955,1.80748389470374,0.426886733420907,97.295001710531,5.71163434903047
"296",6,23,1,2,2,9.19670301709118,98.5679043228113,45212,118,10.1098159780589,3.11506917593302,0.695741532301061,99.559438116474,15.9542124542125,2.5284854730186,74.2811426420067,31093,29,3.04583025118194,1.39166086317831,0.427139235114075,79.7864997568513,3.47794721006565
"297",6,23,2,1,2,7.11491783423738,95.5025142436642,55319,66,6.19355013648114,2.52657203941326,0.605255783916865,99.4319258771979,20.7117226963944,2.80675095744864,62.126832715068,31574,22,2.78472794071071,1.21105652330891,0.447206083113229,66.283695460166,2.9419808066236
"302",6,27,1,2,2,7.10116672666169,96.7710674007732,42479,69,6.41745332988065,2.56126760319848,0.628140792925532,98.196327337657,8.24998508798091,8.65072714971228,95.2073875060465,81269,45,4.02031524935707,1.90770644663985,0.517150660619263,98.7991514508675,7.77287941311325
"303",6,27,2,1,2,10.127033150525,94.5036454016165,61232,56,6.20032009406846,2.49893794209309,0.629409120665225,98.592618590677,29.9022346368715,5.15246297198182,93.946124717463,46221,55,4.15447523852794,1.93908230787207,0.486109316366458,98.599301363027,6.65857204215813
"308",7,12,1,2,2,11.1499678427049,98.9881357356413,26524,130,13.7682853264968,3.41022899276234,0.71610760956113,99.5055878869032,18.516973518285,4.33437421420143,82.3063460076841,37132,24,3.17887536356781,1.474301091757,0.476959185777348,87.3853834729069,3.39267440916105
"309",7,12,2,1,2,7.47726624306079,96.9709340630469,35018,62,6.85101947569821,2.65513082778962,0.653901759215263,98.8080176877402,13.3014473827402,5.84483017079634,92.9220745643518,49758,31,3.61151975561719,1.72126377993584,0.506075827652985,96.2143854387507,4.2329776827354
"314",7,14,1,2,2,10.5145873971673,97.9667969706485,36984,97,9.19530067056024,2.99722436477827,0.656659886373479,98.5383292475305,11.6486633747659,4.78197656808462,86.184093845803,42710,36,3.18576445797237,1.48248880346117,0.46647693292812,91.8942714535458,3.41129582167462
"315",7,14,2,1,2,10.2358942050232,97.7522371099853,42136,111,7.83985190810708,2.81589743387926,0.646335926015716,99.1847568770418,16.5146334253055,5.73721482486642,89.8275197584115,48339,43,3.51982870973748,1.66896417401748,0.481561267455273,93.2359447345219,3.92202629474993
"320",7,18,1,2,2,7.14385286487328,96.8837641493495,29718,71,7.7186217107477,2.73053856622037,0.64712254533172,97.7686264571718,9.37989302212497,4.32592938580849,86.7551562750664,33735,34,3.68697198755002,1.7433095346707,0.507663375214024,90.5816459625163,4.50704518636774
"321",7,18,2,1,2,10.5637355627851,97.9026052481998,40484,99,8.46650528603893,2.90269437466456,0.65689049058322,99.37960759895,22.5298840898789,5.13671866749463,85.4822603383459,38817,37,3.74900172604787,1.75754559628533,0.494338547418913,88.749412593985,4.25765090458209
"326",7,20,1,2,2,9.4103118395016,99.2370366580543,26174,96,11.8568808741499,3.29632930211768,0.738109520961383,99.767209843698,17.07624103771,4.31713191431997,88.8003680237543,37130,33,3.43121465122542,1.63814400301942,0.515455083666744,93.3923007757773,4.02974436090226
"327",7,20,2,1,2,7.96777730702012,97.6109279464026,35949,102,7.18971320481794,2.71581604842619,0.625215861364996,99.3122826099272,16.087605530405,5.93163676018161,94.9686236512228,41548,54,4.50575238278618,2.07778380360031,0.533884826236457,97.5477240098822,5.93246536883349
"332",7,23,1,2,2,9.55672097284723,99.0473243575037,33204,113,11.8577581014336,3.29408803791411,0.707803202019676,99.60982309968,16.0347047865878,2.34246792043855,73.3165700210397,23074,24,3.0959521539395,1.42813881042942,0.46908467243793,77.5440036947709,3.32973425587237
"333",7,23,2,1,2,8.74260909118447,98.1988125912625,42900,100,8.32398601398601,2.88579696437231,0.654862904226051,99.5517655761462,21.4771594684385,3.52991776419389,65.4709283714848,33386,20,2.87932067333613,1.28291310876667,0.443857474479502,67.9609336157519,3.00729333052048
"338",7,27,1,2,2,7.0796673813185,97.2587070904139,32899,69,6.84908355877078,2.64041252991629,0.65889518237379,98.1914631882907,8.13943253783677,5.40367846045906,94.846550134873,41886,42,4.00420188129685,1.90555061262286,0.554909060270815,98.2712502756838,6.9366118473575
"339",7,27,2,1,2,10.4104379096312,97.032086110891,37643,98,8.78160614191217,2.91274515181907,0.670551479392943,98.536737143981,30.916559219009,6.62759102032235,96.1564884616271,44807,45,4.65438435958667,2.13481412567289,0.578716152758012,98.6555086797151,6.82103350441519
"344",12,14,1,2,2,8.5626325428957,96.6001998226925,37658,70,7.29162462159435,2.72783497962669,0.651088251321471,98.4601691456876,10.8386259778483,5.95467032967033,85.4231166150671,51822,35,3.25848095403497,1.51952027963918,0.472065516755805,92.4922600619195,3.60471993848702
"345",12,14,2,1,2,11.5143025833815,98.2374855456548,34775,119,10.7980158159597,3.17519091693671,0.690991969848992,99.1102402168283,16.7626991150442,4.89538148255254,80.0148912996659,41505,33,3.13294783760993,1.44079687824291,0.453358235938114,94.1850090147744,3.90083592435904
"350",12,18,1,2,2,6.49972632731253,95.6486611265005,32244,65,6.42522639870984,2.55295653645951,0.634219499959584,97.5660203139427,8.99153299578777,4.02914013962108,83.9598120191556,33045,31,3.41146920865486,1.59372186484641,0.473294282805206,89.990243466474,4.40515512778446
"351",12,18,2,1,2,13.7712576460308,98.7071820796653,34316,138,13.2004604266231,3.40572087729555,0.705364452807578,99.3744007670182,22.9840237879246,4.32717929882177,75.9973925284845,34269,22,3.19790481192915,1.47950734539961,0.493871684883373,88.3537562152828,4.1651247180359
"356",12,20,1,2,2,7.9285233758523,97.9651766268962,28446,76,9.12416508472193,2.98235888008452,0.69964411265022,99.7323892095102,16.2242416799705,5.99634662529687,90.2870660571337,47757,33,3.78813577067236,1.80038161092503,0.534666896472908,95.5038628151638,4.80389105058366
"357",12,20,2,1,2,9.22949944457213,98.4150967867449,29180,109,10.4017135023989,3.1263281137459,0.693067055010091,99.3297882688629,16.7464603946865,4.82153887037463,84.3403779908761,41158,26,3.30154526459012,1.53669374793961,0.48353295128779,97.4335102256152,5.68129998914263
"362",12,23,1,2,2,7.60189286998569,97.758095765292,36523,94,8.51014429263752,2.90957554472958,0.67390470297009,99.472234104119,14.5603793563832,2.58502708472009,74.6996309553539,25453,40,3.17302479079087,1.46601934030922,0.423003766422283,80.1483577975712,3.5233796861023
"363",12,23,2,1,2,9.33614700729145,98.7174693580688,31553,162,12.2165879631097,3.30969845078977,0.700111473336087,99.6409528833891,22.6853244708763,3.31493733789336,59.8903674853042,29643,17,2.80116722329049,1.22113784972689,0.440432380010698,68.9105268852104,3.01030310668599
"368",12,27,1,2,2,6.67665300307309,96.2197592116343,34229,62,6.17575739869701,2.51330870082964,0.656449231086091,98.2662327317417,8.433046875,8.33309020889252,94.636761487965,62205,62,4.17159392331806,1.93873022290169,0.50929921633758,98.8256746900073,7.95409181636727
"369",12,27,2,1,2,15.1652820729762,98.3537503030983,31359,173,15.6509455020887,3.54384918500106,0.71508733937063,98.7990292838062,34.0365895754229,5.13673318551367,85.3742663763726,43294,26,3.33309465514852,1.57047104182278,0.500868741471239,98.5753502461189,6.74722604681299
"374",14,18,1,2,2,7.85807514871554,95.9156805413101,36638,66,6.84043888858562,2.63471778695152,0.63838914392964,97.6084227607428,9.2544359374433,4.12072875127062,82.0464165815209,33219,40,3.38420783286673,1.5718208445552,0.445734584873818,90.5386075025544,4.52428884026258
"375",14,18,2,1,2,15.1983675875301,97.6239050036904,56682,81,8.70398009950249,2.94202848115964,0.673318135493607,99.2698375635924,21.4924599434496,4.8372399357621,78.9698156610401,39719,31,3.19794053223898,1.47252115818908,0.476383349762547,88.7357393764183,4.14325940548072
"380",14,20,1,2,2,11.0414067373674,98.4593110904068,37612,84,9.63721684568755,3.03687778130508,0.689147098079917,99.7848685443586,17.6970324694094,4.7940460194827,85.2119240514248,42806,22,3.18196047283091,1.48598579282904,0.49603424376309,94.4114611029435,4.39745905938574
"381",14,20,2,1,2,11.2571980421325,97.561423981329,44967,81,8.14350523717393,2.85504633275963,0.653411238481231,99.3347400504074,17.4299939226778,5.3132947838188,87.1380349744296,47309,37,3.26305776913484,1.52478153729813,0.457589422450531,97.5564185642195,5.55738126627866
"386",14,23,1,2,2,10.0556159932523,98.1322397157611,42963,86,9.58520121965412,3.05480048743682,0.6913126674103,99.5693999957107,15.9316734662752,2.38662340712057,70.9698795180723,23674,33,2.98580721466588,1.34549138891492,0.423369603140929,79.0090361445783,3.46848554301834
"387",14,23,2,1,2,10.1812012671149,97.8003615070324,46353,90,8.96472720212284,2.97013325464964,0.661700572289148,99.5937753007852,23.0706575073602,3.5634012738243,59.9603254656714,31788,16,2.80505222096389,1.22002050133601,0.450516205659497,67.7271198977876,3.00154969453137
"392",14,27,1,2,2,8.41767988109452,96.5376877876516,42045,71,6.3457486026876,2.5512516866764,0.631021354335396,98.2353749963817,8.31365404048137,6.60096001559416,91.6231405263741,56582,57,3.50947297727192,1.67136968393425,0.462865599376179,98.4990402716769,7.31379333972866
"393",14,27,2,1,2,17.4902536487902,97.480209106075,57771,100,9.68970590780842,3.03005972103186,0.66850374175105,98.8997899884023,32.9926803764378,5.07882361540898,87.3494770677413,45351,39,3.21177041300082,1.48549890579844,0.480581851661241,98.433002302821,6.47900055261704
"398",18,20,1,2,2,14.2021186329272,98.7611338076465,39759,115,11.8077667949395,3.29337185258821,0.723201775318677,99.7122144759484,18.6917737991955,4.71655158072866,81.8079890540078,38850,36,3.3242471042471,1.55344431050369,0.488803649475507,95.1762887512194,4.37437405380226
"399",18,20,2,1,2,7.01988369508321,95.972505958461,32488,80,6.94093203644422,2.63715561904578,0.63174675671903,99.1219782090569,15.8659990462566,4.22292492763807,87.4717002490378,31676,43,3.90314433640611,1.82138995730657,0.508268545133259,97.585323749151,5.79104038962129
"404",18,23,1,2,2,13.0397576116932,98.7614319501497,46187,125,11.6809924870635,3.28831549450761,0.68927538778062,99.6487123725003,18.167033773862,2.35687920997033,69.1078319171131,21546,22,3.16694514062935,1.45950659226089,0.479387694495777,79.9133050426892,3.51857302118172
"405",18,23,2,1,2,6.3759649259747,96.4291731091053,35514,84,7.25266092245312,2.68234725479584,0.621274959943971,99.4155943828175,19.2691386691822,2.96308867973755,61.5122489587781,27063,17,2.82145364519824,1.23460637961153,0.445290125328856,68.4129119573361,2.98446670180988
"410",18,27,1,2,2,8.31030477792463,96.4443227455276,40934,50,6.45333952215762,2.54888532261832,0.658422364386743,98.0240963855422,7.76987411373173,5.4638661030587,84.4461473534573,41054,39,3.7042431918936,1.72380612517655,0.484848767367776,98.4557206636903,7.21066330472976
"411",18,27,2,1,2,8.32729554344357,95.2626976608613,31757,70,8.23308247000661,2.69077956989418,0.644592702095283,98.3615098739343,28.9225412470538,4.09316643547089,86.8272217157004,30638,41,3.82322605914224,1.78727544982493,0.506832876941723,98.6383212138733,6.61809320137266
"416",20,23,1,2,2,8.70731979043872,98.4301824892352,37483,126,9.60523437291572,3.05219966275576,0.687022115070762,99.5420682113321,15.2445151565902,2.43064614728326,75.2610032711104,23589,52,3.25770486243588,1.51928970339,0.446692600547494,79.2245313693612,3.46007100389238
"417",20,23,2,1,2,11.5581264033121,99.1685391869932,35748,166,13.4691171534072,3.41133058720659,0.699731797720679,99.6527513176296,25.9142520486316,3.62861528441412,64.1002427343699,34447,16,2.83647342293959,1.25221121845108,0.462403251587216,68.4445319162894,3.0127057464626
"422",20,27,1,2,2,7.74198409163528,96.8436726893269,37134,59,6.67288738083697,2.60927663354882,0.645373125566707,98.2287672892557,8.68949661181026,6.00905677824146,94.7541478889197,42204,35,4.45874798597289,2.06463400638822,0.585485798169474,98.4878773383016,7.48505606367916
"423",20,27,2,1,2,16.2153003030626,98.5165253478235,39053,97,13.5189101989604,3.42550358077289,0.759390438967133,99.0093374932824,33.7206863679695,4.12093697653928,89.30569628618,35462,34,3.42984039253285,1.6319157692445,0.470871357487508,98.3171064804617,6.10643925574608
"428",23,27,1,2,2,7.29137556411444,97.3197441754832,41678,60,7.04278036374106,2.6692746430183,0.666097506654778,98.3286529426782,8.57045428274188,3.91807515981832,67.1582116810839,36306,19,2.9980168567179,1.36598853409374,0.472599599121468,98.3618593975591,7.47778976499836
"429",23,27,2,1,2,14.9797223401406,98.2582018471807,42651,186,14.2752573210476,3.46226188897107,0.688262521687716,98.7521927807284,34.135613075979,2.20034850112605,75.3655830101407,21796,28,3.14722884933015,1.45894165595662,0.465298787203882,98.5772201408497,6.42261989978525
"434",3,5,1,2,4,7.43375698171729,96.0574352956516,34908,70,6.75340896069669,2.63376912383766,0.630935501080978,98.4068387769737,10.1267977692985,5.15014478355162,89.4995618446048,38909,86,3.91110025958005,1.83942030109026,0.453009756894169,94.2639871552834,5.2883067176983
"435",3,5,2,1,4,21.8659207385778,98.0946088026164,43779,261,16.175426574385,3.53988599356362,0.671323021033556,99.3920202133539,24.9942522729648,6.41482002011219,91.9181807879726,52722,54,3.69234854519935,1.75790479228697,0.479834915332762,97.360990443093,4.70936871916682
"438",3,9,1,2,4,7.63931864619025,97.5348313180361,30206,89,8.13937628285771,2.84033378976267,0.653881450461144,99.4842743343172,14.0859405718137,7.67192800725892,94.7165294610268,54275,52,4.41774297558729,2.04050634609679,0.524306414427049,98.0718789008801,6.42695902042507
"439",3,9,2,1,4,18.4819615076193,98.1862544950094,35953,208,16.6545768086112,3.57891021484216,0.718136579892283,99.4355924393655,26.654989010989,5.56419952807345,91.0141612200436,45049,50,3.70933872006038,1.75946912135285,0.487263671985393,96.8289760348584,4.93047119838034
"442",3,11,1,2,4,8.16311966233252,97.6043534310312,29525,81,8.9239966130398,2.92274808504118,0.679066887175104,99.5462088994917,16.8605220228385,6.25113020506683,88.9609133126935,50444,35,3.6456268337166,1.72488582009473,0.489140519823192,93.7558049535604,4.07108198374189
"443",3,11,2,1,4,13.3111394825762,96.1755064301925,37881,128,11.175892927853,3.0701588331699,0.65702360217597,97.9206658957857,15.8056543581093,6.83702246378959,90.4986841814282,54662,33,3.74324027660898,1.79131711276542,0.516864863049242,95.2816294035693,5.47255175917693
"446",3,13,1,2,4,7.2968048487103,97.2027502934764,30024,91,7.72208899547029,2.76932061112305,0.649666569154898,99.4193359047459,13.508886863393,6.84355371405286,89.5969674212352,55788,34,3.5927439592744,1.70540084978481,0.487744075997233,94.2741301004899,4.06020176350545
"447",3,13,2,1,4,28.4550609576276,98.4168093860433,44901,228,20.3875414801452,3.82480765321071,0.735752589682517,99.5270640017116,35.7045664918235,5.63880999550909,88.6519859160278,47140,41,3.46639796351294,1.65202849778643,0.476674664232746,94.4271740368809,4.26951381052838
"450",3,16,1,2,4,6.43672338269913,96.1344382204528,31031,58,6.69201765975959,2.61827632820616,0.65044660177953,98.5611777232536,9.82927054478301,5.62320092970589,94.4236893841841,39209,61,4.54451784029177,2.06947083311038,0.518796467710325,98.7292603956356,6.8268293576637
"451",3,16,2,1,4,12.5792186894723,97.2869575928707,33926,159,12.1055532629841,3.23227247945835,0.657948208176253,98.9254902332368,17.2331118722403,5.7324711701779,89.2159105085873,46807,47,3.66675924541201,1.73909327469118,0.478089919613615,94.9713061920406,4.76991358379239
"454",3,19,1,2,4,7.79336172929642,97.5597175128386,30498,85,8.43412682798872,2.87508502883089,0.667992924496068,99.5907577240213,15.7837821591729,7.90896541939222,93.6479936016504,59151,70,4.23615830670657,1.98927807277685,0.535677788674847,96.902107493768,5.38898010932596
"455",3,19,2,1,4,17.504249048952,98.0881071551602,39199,191,14.8183882241894,3.43568714040875,0.69728237268529,99.4358210568265,21.6400352798501,5.923159459787,90.4035690938035,50288,37,3.60239023226217,1.71941900367667,0.491753263349308,95.8814693567946,4.88269377382465
"458",3,24,1,2,4,6.64954954708485,97.0846104791097,30037,102,7.85594433531977,2.80595733832551,0.677254669140186,99.3071527020633,13.230883078441,4.36193816497547,90.9764297093541,38639,36,3.75400502083387,1.78152222504376,0.51403865586082,96.1339203953888,4.56023325696944
"459",3,24,2,1,4,12.2752728297417,96.7828352504084,31673,128,13.7104789568402,3.37844096728208,0.710713551538984,98.4590594334135,20.859996222495,3.10824822650409,70.4980944082103,28302,26,2.83001201328528,1.24394755954156,0.415239896609921,76.1761418147571,2.92582826233942
"462",3,25,1,2,4,9.63052574801353,97.3325232313201,37747,76,8.36066442366281,2.86697757965931,0.674821887825949,99.3014412208278,15.3664868992507,8.87689854769418,94.6598140972877,63921,42,4.42586943258084,2.05654673104527,0.561351747204226,97.7976752123025,6.07330756763496
"463",3,25,2,1,4,23.1618957438315,97.1298173531792,43602,169,17.3714279161506,3.44436829339575,0.672207749164716,98.2786854763526,25.4834075946,5.77604622096339,91.033440120946,47894,41,3.69628763519439,1.76437466939479,0.500338708160544,96.672443139453,4.9313013141673
"466",5,9,1,2,4,10.7763292232781,98.3526694491239,35046,145,10.0120413171261,3.09393056460982,0.673307914812972,99.5607679133533,14.2281685627303,7.0559539416054,94.3354466957486,55276,41,3.98655836167595,1.88620298070317,0.511321392896053,97.987953406138,6.40546818156378
"467",5,9,2,1,4,9.72796307595648,96.8023797399178,38302,90,8.13936609054358,2.86655340013463,0.668122712603331,98.8973830313117,21.4507677801724,5.32236043231095,90.748633662692,41293,44,3.87232702879423,1.8334158463838,0.511624433377124,96.8218114539645,5.08619044779679
"470",5,11,1,2,4,13.8334649442713,98.6761806198595,36678,145,12.3479742625007,3.3342962239778,0.712132159957793,99.681028378452,19.1435206493996,5.98509280078123,88.1859429843335,50043,32,3.49933057570489,1.65502158720097,0.48195333548108,93.4373064352871,4.00217855525118
"471",5,11,2,1,4,8.74358773426245,95.9738021371941,39389,67,7.06847089288888,2.68926087901275,0.641881263397858,98.2337125129266,14.1189060642093,5.53655066820179,87.8554125044231,41908,33,3.85095924405841,1.82859691505782,0.527621540227754,94.5665369226163,5.26246591941836
"474",5,13,1,2,4,11.1428388481663,98.322319364063,35550,161,10.1072855133615,3.097578464906,0.643694887010678,99.5014297637127,14.4106130860381,6.80922296349599,89.1302984981058,55809,38,3.56652152878568,1.69044716237483,0.479374457198711,94.3179680993023,4.14338546277171
"475",5,13,2,1,4,12.8826639509214,97.3780191950391,46379,86,8.87097608831583,2.95963625575399,0.66618694218463,99.3358658477414,25.4517283201941,4.92050956812333,86.4805577072037,40257,36,3.46667660282684,1.65381009877321,0.527447982640637,93.3391169635941,4.18836025915524
"478",5,16,1,2,4,8.49435699435699,97.4413034737155,33562,75,8.3036469817055,2.88534493744379,0.679145149766479,98.8262442964284,10.8497946336033,5.61675081675082,94.2162482286004,43561,41,4.09031013980395,1.91585017181479,0.530571510669384,98.6421032593752,6.54991046662687
"479",5,16,2,1,4,8.21449361449361,96.3808201546015,37957,75,7.02299971019838,2.68765476987118,0.653791592414053,98.8227722700682,14.505439685825,5.27549747549747,88.7144899958339,41984,35,3.75333460365854,1.78346031297451,0.505750986186712,95.002983797417,4.78560490045942
"482",5,19,1,2,4,12.0226556285538,98.3665167795925,37263,127,10.7725894318761,3.19023271481224,0.689784101140868,99.5897913424899,16.8042588381228,7.21969183631382,93.0045132172792,58259,39,3.91209941811566,1.86669957592577,0.525039895853058,96.5693835745007,5.19449931954871
"483",5,19,2,1,4,9.4220015909024,97.312787865333,39662,78,7.84672986737936,2.81640747424712,0.662918825087011,99.3070907504745,17.4704329171022,5.2835930825207,89.2617973581055,43251,39,3.70125546230145,1.76378739853648,0.496094156755385,95.5559520689636,4.80071154438748
"486",5,24,1,2,4,9.97507703214899,98.3672119316815,33446,97,10.7589248340609,3.17837599572327,0.702902389522491,99.4245741028277,15.8004691776359,4.61162162899136,90.9645108265039,42115,35,3.65287902172623,1.73313743640955,0.500077756937415,96.14124714703,4.63078149920255
"487",5,24,2,1,4,7.94453685272544,96.189462845375,36841,138,7.60695963736055,2.78086528133247,0.622687526802554,98.4729706538528,16.9143379318477,3.05862623728629,69.9346521766263,27470,18,2.85566072078631,1.26418768483738,0.446202785077767,75.5137337410515,2.96112567732914
"490",5,25,1,2,4,17.7316514304661,98.5379682483501,53064,123,11.1224935926429,3.22507713065801,0.684798056876104,99.5223395179319,16.397095230236,7.6965706707086,94.1404086405317,61549,36,3.97650652325789,1.89500690607172,0.55183866253102,97.4463813157733,5.85038333641234
"491",5,25,2,1,4,10.2652519893899,95.422376799557,39578,72,8.36017484461064,2.84050829619664,0.666366787591897,97.1423380398671,17.6117850047056,5.65054826638878,91.1133697628241,44521,39,3.90622402910986,1.85580874229089,0.521976670130421,96.8318916964861,5.04776730848013
"494",9,11,1,2,4,11.6602136827786,98.5979821909341,31270,126,12.1917492804605,3.31512694019347,0.709447544011146,99.5885241958635,18.2885775350273,5.11728307012256,87.035258204619,42204,39,3.49945502795944,1.64961202918998,0.475977418780632,92.7556558686082,3.9504555379866
"495",9,11,2,1,4,9.16913773881293,97.5070053806586,35812,127,8.27856584385122,2.8652885328785,0.655755287538388,98.4387538973597,14.5505590666018,8.31025106173423,93.3665008291874,59326,57,4.33690119003472,2.01858062445407,0.53027570210877,95.8152345493539,5.53262509429218
"498",9,13,1,2,4,9.81409087331345,98.1858310796108,30453,109,10.3718517059075,3.13379414833245,0.685025603378701,99.4951661537505,14.5869109470422,5.6456115280865,87.8359830103645,47223,33,3.44205154268047,1.62647342951171,0.473639921368188,93.4991948296173,3.99390609851807
"499",9,13,2,1,4,12.2950249524229,98.7454436727534,34546,125,11.5195681120824,3.25411259592601,0.689649968069793,99.4263183883318,26.8961605584642,6.31760935104175,92.0601117437138,51208,29,3.72283627558194,1.77803400657107,0.533590900901094,95.2351978211424,4.28483900404119
"502",9,16,1,2,4,7.76975766310566,97.1728421503534,29948,81,8.48377187124349,2.91278894305421,0.692747177194636,98.8885659211211,11.0254573365741,5.42115507481093,94.3605766595406,40248,54,4.27703239912542,1.97943346509749,0.51700675516716,98.6120703831607,6.3768742689022
"503",9,16,2,1,4,7.50415286094231,97.9095221878143,28390,133,8.70894681225784,2.92257309614344,0.647897167251872,98.7898275821104,14.6566006697609,6.2614445121317,91.924805535649,46936,52,4.12672575421851,1.9170824984784,0.509699680822458,95.1135937581571,4.83804074932406
"506",9,19,1,2,4,9.65831327645187,98.3174221430054,29496,92,10.9214469758611,3.20492647914414,0.731379963276434,99.5443336222578,16.6280397654856,5.51895614801757,91.1396326384549,46038,45,3.7064598809679,1.76847066386215,0.505782021852809,95.7548857803629,4.89191770355817
"507",9,19,2,1,4,9.35796853882241,98.4543080610969,32656,137,9.57116609505145,3.03711882228818,0.642451801873838,99.3123608105512,17.8174625600452,7.06533802416258,93.5891391689996,53654,48,4.18088120177433,1.95075968009959,0.518653520178325,96.4845819756599,5.03935412172321
"510",9,24,1,2,4,9.57587199903964,98.2073205824783,31173,109,11.0573573284573,3.21038231906257,0.695622640264194,99.5509754033671,16.0609974718456,4.68075470256747,91.5302250485244,40484,42,3.87886572473076,1.8298873288698,0.503049893121279,96.2637631657175,4.77486411472187
"511",9,24,2,1,4,9.75858630365715,97.9601878774323,35516,94,9.86552539700417,3.07955253123147,0.679423040990783,98.7284723775442,18.7556830252815,3.10164148217669,72.829949685092,29024,22,2.85267364939361,1.25543921312906,0.419075904816977,76.2138911368354,2.94443689254401
"514",9,25,1,2,4,14.8928752535497,98.4019268366903,44047,146,11.2325016459691,3.24375248958059,0.696987564466637,99.4449007842193,15.7090075088756,5.70824486739588,92.2133316728416,46623,47,3.81159513544817,1.82066708057365,0.540691157682145,96.8102991998506,5.57615517962819
"515",9,25,2,1,4,9.44049046463574,96.338758208693,34254,91,8.96385823553453,2.91633882146007,0.659978279441553,97.1542151814933,18.3668663621804,6.23394580197532,93.6425578014083,47548,46,4.14490620005048,1.94735978873201,0.521009074533023,96.6221930799859,4.91333236686962
"518",11,13,1,2,4,8.61866165648822,97.0398443101506,33923,106,8.09910680069569,2.82817719967631,0.663473983798032,99.3698940758034,13.6441804073715,7.11125506309501,88.09544193692,57270,72,3.59346953029509,1.69899706305158,0.451716742207503,94.2454881682134,4.0863617803185
"519",11,13,2,1,4,15.875942072044,98.879455143692,37390,156,13.7921369350094,3.46960859198328,0.729892239864236,99.4401110574231,28.3735638472481,5.06135987136862,84.8834411913297,42968,31,3.2846304226401,1.54371670758704,0.468383834014985,94.457141482426,4.32162020857984
"522",11,16,1,2,4,7.05540318156884,96.2785830458043,33097,57,6.92183581593498,2.66658821830518,0.671635304498165,98.7442581751398,9.92309316665259,6.22733539903041,93.3401580801828,43711,78,4.48475212189151,2.06034653582748,0.509601882177219,98.7029806685078,6.89240590504056
"523",11,16,2,1,4,8.67337771122741,97.9901816665185,29993,141,9.55672990364418,3.03067698370012,0.683999614809461,98.7969806573361,15.0840336134454,5.14684734103275,85.4021200599147,42079,38,3.52292117208109,1.64492743353411,0.470448699056782,95.1157967507777,4.85009253547193
"526",11,19,1,2,4,10.3854677865052,97.6533227601637,37498,117,9.19539708784469,2.96459209293991,0.646589557446436,99.640040215806,16.826438375819,8.41281863116361,92.6989410090656,63632,46,4.16683429720895,1.96832470630241,0.53003541359822,97.0614662252165,5.44506335072373
"527",11,19,2,1,4,11.3346441581284,98.6405131744887,33415,130,11.3759389495735,3.23074509867256,0.690015922654286,99.2778293881661,19.3223737373737,5.58437834109583,86.7709875015143,47813,31,3.44563194110388,1.6222324348483,0.481761186647748,96.023975182105,4.98943623426382
"530",11,24,1,2,4,7.39761715820322,97.1947449768161,31821,86,8.30008484962761,2.86213729614243,0.66088975497928,99.3600500478398,13.8732401603124,4.52979505056018,88.6577120706752,40370,40,3.65424820411196,1.73790414873612,0.481291513897496,96.015505273596,4.51543157537731
"531",11,24,2,1,4,10.6583509036042,98.1203929321257,33447,176,11.4856040900529,3.24258523072123,0.68463880178425,98.7829422912867,19.5685589961546,2.78653379957505,66.6389863128792,24441,22,2.79084325518596,1.21234314924692,0.40469008527543,76.166238435311,2.92105657549644
"534",11,25,1,2,4,12.3276630506743,97.2376260174297,45581,108,8.89807156490643,2.94282833893982,0.657272048290783,99.4564917706573,15.5521481592562,9.77597674352621,93.6209257820412,72090,53,4.29558884727424,2.01560598595213,0.539268097986106,97.8683008383494,6.08115266845754
"535",11,25,2,1,4,14.4256459606182,97.2451801921777,39608,106,11.9835386790547,3.21991623062936,0.69186584937716,97.7874982072978,20.8160408216669,4.80114012521989,86.2077244130357,41407,40,3.38206100417804,1.59812097764639,0.474600705828929,96.5410043953068,4.81566664619542
"538",13,16,1,2,4,9.50655427902931,97.9076738609113,33872,73,9.16063415210203,2.98443964341157,0.717606045563717,98.988703773823,11.4327623906706,5.05870354261031,91.3022853144531,41828,35,3.68112269293296,1.7546705532361,0.510971779668927,98.5015595166091,6.377754741611
"539",13,16,2,1,4,8.53496115427303,98.0729624292693,31508,130,8.85638567982734,2.9464464850666,0.639812724843829,98.9712859803887,15.5650563785098,5.52314245433002,86.0143923964698,46513,35,3.40494055425365,1.59779534610998,0.461026284437665,95.0951799049559,4.7704337401918
"542",13,19,1,2,4,13.438627917149,98.7414643651082,36323,140,12.2773999944938,3.33919556273358,0.693904330370393,99.5416662976379,17.6182936865619,5.7659199043065,89.25569081986,49551,44,3.49048455127041,1.66826513357175,0.481359567018387,96.0046857986242,4.95789249260454
"543",13,19,2,1,4,9.78763542444647,98.5185568013231,33421,138,9.6963884982496,3.04976786761566,0.651363176227941,99.4199479534013,17.9399857370125,5.85607888762263,86.9100184444659,50671,26,3.37559945530974,1.59467496273007,0.495413631805868,95.9254498061553,4.94002512036843
"546",13,24,1,2,4,10.7806600331036,98.4710651962325,32986,99,11.685684835991,3.27182781396489,0.730753112739898,99.455867814198,16.3455789738853,4.10503355797115,87.424776089363,38542,32,3.38101292096933,1.60229381313859,0.475839930329206,95.9196269833283,4.58555437955034
"547",13,24,2,1,4,8.4797426625503,97.5589635663296,32812,93,9.15476045349262,3.00288517929822,0.685273146342183,98.6109216568908,17.2917022609488,3.00300465708077,68.1548055759354,26860,16,2.76679076693969,1.19616789125001,0.453255743187814,76.2793470286134,2.93272451606079
"550",13,25,1,2,4,20.971848807838,98.7262726580611,57486,140,12.0459242250287,3.32932899728496,0.69787237249158,99.5125505056986,15.9558120928106,6.28940784186153,91.0734490135489,52707,30,3.63467850570133,1.73981539178578,0.516680291732126,97.1243166151652,5.69527765388046
"551",13,25,2,1,4,8.66538974893796,95.630315891172,30956,128,8.95306241116423,2.91629589482496,0.656431424943497,96.704794437831,17.002244600825,5.375612346435,87.1342914988765,47001,28,3.33305674347354,1.57204761952773,0.494657329122589,96.6582864262353,4.86860536784894
"554",16,19,1,2,4,8.13433809144265,97.9305553081185,30260,119,9.08284864507601,2.97007729695985,0.675870215451665,99.553544387237,16.0446766969105,5.82053474385914,89.3139730011005,48677,41,3.68475871561518,1.75066308849257,0.488531836599365,95.8889171061084,4.99823500402315
"555",16,19,2,1,4,7.38511702050576,97.4788563803693,31970,70,7.76918986549891,2.80641835629971,0.685437757777913,99.1950707403701,16.1112952575217,5.5944931526701,93.4769769562334,42858,51,4.21001913295068,1.95933261918392,0.508898053236628,95.8974013594164,4.98169927604489
"558",16,24,1,2,4,8.54703239219368,98.1381743311614,34587,110,9.0403908983144,2.98078777765266,0.667453897047632,99.4563921007369,14.6324344292575,4.52189658641271,89.5405333254234,40316,37,3.74377418394682,1.76748019568989,0.493224739716703,96.2548571767567,4.81003201707577
"559",16,24,2,1,4,6.72947488431359,96.5833260250819,32980,86,7.34648271679806,2.74000750981803,0.64278988543701,98.5529662199332,15.7239712523055,3.11946884850111,73.105102935865,29466,25,2.88505396049684,1.28367379641646,0.415288309942748,76.3668885334434,2.95206435742304
"562",16,25,1,2,4,11.2209634203169,97.7463319170584,41812,98,9.00698364105998,2.97542945342297,0.689157532152624,99.2810479569563,14.5199286365017,5.84873019571295,90.182848492695,48652,44,3.72249856121023,1.77243473153537,0.516144826987237,96.967463724094,5.54965943743053
"563",16,25,2,1,4,6.56282036346691,93.4521458589427,29445,46,7.15184241806758,2.63805742060555,0.710382718638541,95.5134662578048,14.5840222252338,5.70520736253495,94.3469427343359,44735,42,4.13144070638203,1.94790107611048,0.539447620586884,96.8054151735122,5.03306969584373
"566",19,24,1,2,4,7.76005694556244,98.3674015245816,30639,101,9.36257710760795,3.02944682096703,0.668368521318325,99.4029922399279,14.4068386263108,4.48611286663695,90.1653152378297,41457,32,3.66661842390911,1.74304921676191,0.507587568901045,96.1254426497891,4.59300512994927
"567",19,24,2,1,4,10.3171521896766,97.9497879891467,34438,104,11.0275567686858,3.21047393258234,0.69564249099603,98.6386943020149,19.2344213649852,2.96936515011409,69.9743700039431,28030,19,2.78569389939351,1.21121308658717,0.419050969231993,75.7312614259598,2.92330842673308
"570",19,25,1,2,4,13.9827066192105,98.5516618698644,45010,119,10.5974894467896,3.16406159593414,0.687067245758096,99.5171517531916,16.3049998307437,6.83582555237127,92.4084389184255,57182,38,3.82384316743031,1.82471514896114,0.526501499288239,97.2153428733233,5.71486422697573
"571",19,25,2,1,4,10.075171027087,96.3523595969559,32695,94,10.277565376969,3.0609882931713,0.675327325477376,97.089572353518,18.1689203691779,5.35352338910973,90.1942161470841,47278,28,3.53521722577097,1.68973703956005,0.546656044055366,96.2835048486582,4.75715885458327
"574",24,25,1,2,4,11.5505743561222,97.6526310672195,40703,138,10.3636832665897,3.14372681374604,0.663765855252903,99.4180191817544,15.5945749664113,2.86686061435783,69.8738994179973,26864,17,2.78871351995235,1.21070106400444,0.436668105259548,96.1218474854499,5.35616651941167
"575",24,25,2,1,4,7.04522118593309,94.6512069227266,30280,80,8.23603038309115,2.77351928229525,0.634752805375467,95.6706391376955,13.8152471774636,4.51158338324634,91.3048374287306,41503,36,3.71190034455341,1.77125040343912,0.506577026447566,96.698789753802,4.99696793360081
